iso3c,language,short_name,full_name,variant_1,variant_2,variant_3,variant_4
ABW,zh_cn,阿鲁巴,阿鲁巴,NA,NA,NA,NA
ABW,zh_hk,阿魯巴,阿魯巴,NA,NA,NA,NA
ABW,zh_mo,阿魯巴,阿魯巴,NA,NA,NA,NA
ABW,zh_my,阿鲁巴,阿鲁巴,NA,NA,NA,NA
ABW,zh_sg,阿鲁巴,阿鲁巴,NA,NA,NA,NA
ABW,zh_tw,阿魯巴,阿魯巴,NA,NA,NA,NA
AFG,zh_cn,阿富汗,阿富汗,NA,NA,NA,NA
AFG,zh_hk,阿富汗,阿富汗,NA,NA,NA,NA
AFG,zh_mo,阿富汗,阿富汗,NA,NA,NA,NA
AFG,zh_my,阿富汗,阿富汗,NA,NA,NA,NA
AFG,zh_sg,阿富汗,阿富汗,NA,NA,NA,NA
AFG,zh_tw,阿富汗,阿富汗,NA,NA,NA,NA
AGO,zh_cn,安哥拉,安哥拉共和国,NA,NA,NA,NA
AGO,zh_hk,安哥拉,安哥拉共和國,NA,NA,NA,NA
AGO,zh_mo,安哥拉,安哥拉共和國,NA,NA,NA,NA
AGO,zh_my,安哥拉,安哥拉共和国,NA,NA,NA,NA
AGO,zh_sg,安哥拉,安哥拉共和国,NA,NA,NA,NA
AGO,zh_tw,安哥拉,安哥拉共和國,NA,NA,NA,NA
AIA,zh_cn,安圭拉,安圭拉,NA,NA,NA,NA
AIA,zh_hk,安圭拉,安圭拉,NA,NA,NA,NA
AIA,zh_mo,安圭拉,安圭拉,NA,NA,NA,NA
AIA,zh_my,安圭拉,安圭拉,NA,NA,NA,NA
AIA,zh_sg,安圭拉,安圭拉,NA,NA,NA,NA
AIA,zh_tw,安吉拉,安吉拉,NA,NA,NA,NA
ALA,zh_cn,奥兰,奥兰,阿赫韦南马,NA,NA,NA
ALA,zh_hk,奧蘭,奧蘭,阿赫韋南馬,NA,NA,NA
ALA,zh_mo,奧蘭,奧蘭,阿赫韋南馬,NA,NA,NA
ALA,zh_my,奥兰,奥兰,阿赫韦南马,NA,NA,NA
ALA,zh_sg,奥兰,奥兰,阿赫韦南马,NA,NA,NA
ALA,zh_tw,奧蘭,奧蘭,阿赫韋南馬,NA,NA,NA
ALB,zh_cn,阿尔巴尼亚,阿尔巴尼亚共和国,NA,NA,NA,NA
ALB,zh_hk,阿爾巴尼亞,阿爾巴尼亞共和國,NA,NA,NA,NA
ALB,zh_mo,阿爾巴尼亞,阿爾巴尼亞共和國,NA,NA,NA,NA
ALB,zh_my,阿尔巴尼亚,阿尔巴尼亚共和国,NA,NA,NA,NA
ALB,zh_sg,阿尔巴尼亚,阿尔巴尼亚共和国,NA,NA,NA,NA
ALB,zh_tw,阿爾巴尼亞,阿爾巴尼亞共和國,NA,NA,NA,NA
AND,zh_cn,安道尔,安道尔公国,NA,NA,NA,NA
AND,zh_hk,安道爾,安道爾公國,NA,NA,NA,NA
AND,zh_mo,安道爾,安道爾公國,NA,NA,NA,NA
AND,zh_my,安道尔,安道尔公国,NA,NA,NA,NA
AND,zh_sg,安道尔,安道尔公国,NA,NA,NA,NA
AND,zh_tw,安道爾,安道爾侯國,NA,NA,NA,NA
ARE,zh_cn,阿拉伯联合酋长国,阿拉伯联合酋长国,阿联酋,NA,NA,NA
ARE,zh_hk,阿拉伯聯合酋長國,阿拉伯聯合酋長國,阿聯酋,NA,NA,NA
ARE,zh_mo,阿拉伯聯合酋長國,阿拉伯聯合酋長國,阿聯酋,NA,NA,NA
ARE,zh_my,阿拉伯联合酋长国,阿拉伯联合酋长国,阿联酋,NA,NA,NA
ARE,zh_sg,阿拉伯联合酋长国,阿拉伯联合酋长国,阿联酋,NA,NA,NA
ARE,zh_tw,阿拉伯聯合大公國,阿拉伯聯合大公國,阿聯,NA,NA,NA
ARG,zh_cn,阿根廷,阿根廷共和国,NA,NA,NA,NA
ARG,zh_hk,阿根廷,阿根廷共和國,NA,NA,NA,NA
ARG,zh_mo,阿根廷,阿根廷共和國,NA,NA,NA,NA
ARG,zh_my,阿根廷,阿根廷共和国,NA,NA,NA,NA
ARG,zh_sg,阿根廷,阿根廷共和国,NA,NA,NA,NA
ARG,zh_tw,阿根廷,阿根廷共和國,NA,NA,NA,NA
ARM,zh_cn,亚美尼亚,亚美尼亚共和国,NA,NA,NA,NA
ARM,zh_hk,亞美尼亞,亞美尼亞共和國,NA,NA,NA,NA
ARM,zh_mo,亞美尼亞,亞美尼亞共和國,NA,NA,NA,NA
ARM,zh_my,亚美尼亚,亚美尼亚共和国,NA,NA,NA,NA
ARM,zh_sg,亚美尼亚,亚美尼亚共和国,NA,NA,NA,NA
ARM,zh_tw,亞美尼亞,亞美尼亞共和國,NA,NA,NA,NA
ASM,zh_cn,美属萨摩亚,美属萨摩亚,东萨摩亚,NA,NA,NA
ASM,zh_hk,美屬薩摩亞,美屬薩摩亞,東薩摩亞,NA,NA,NA
ASM,zh_mo,美屬薩摩亞,美屬薩摩亞,東薩摩亞,NA,NA,NA
ASM,zh_my,美属萨摩亚,美属萨摩亚,东萨摩亚,NA,NA,NA
ASM,zh_sg,美属萨摩亚,美属萨摩亚,东萨摩亚,NA,NA,NA
ASM,zh_tw,美屬薩摩亞,美屬薩摩亞,東薩摩亞,NA,NA,NA
ATA,zh_cn,南极洲,南极洲,NA,NA,NA,NA
ATA,zh_hk,南極洲,南極洲,NA,NA,NA,NA
ATA,zh_mo,南極洲,南極洲,NA,NA,NA,NA
ATA,zh_my,南极洲,南极洲,NA,NA,NA,NA
ATA,zh_sg,南极洲,南极洲,NA,NA,NA,NA
ATA,zh_tw,南極洲,南極洲,NA,NA,NA,NA
ATF,zh_cn,法属南部和南极领地,法属南部和南极领地,法属南部领地,NA,NA,NA
ATF,zh_hk,法屬南部和南極領地,法屬南部和南極領地,法屬南部領地,NA,NA,NA
ATF,zh_mo,法屬南部和南極領地,法屬南部和南極領地,法屬南部領地,NA,NA,NA
ATF,zh_my,法属南部和南极领地,法属南部和南极领地,法属南部领地,NA,NA,NA
ATF,zh_sg,法属南部和南极领地,法属南部和南极领地,法属南部领地,NA,NA,NA
ATF,zh_tw,法屬南部和南極領地,法屬南部和南極領地,法屬南部領地,NA,NA,NA
ATG,zh_cn,安提瓜和巴布达,安提瓜和巴布达,安巴,NA,NA,NA
ATG,zh_hk,安提瓜和巴布達,安提瓜和巴布達,安巴,NA,NA,NA
ATG,zh_mo,安提瓜和巴布達,安提瓜和巴布達,安巴,NA,NA,NA
ATG,zh_my,安提瓜和巴布达,安提瓜和巴布达,安巴,NA,NA,NA
ATG,zh_sg,安提瓜和巴布达,安提瓜和巴布达,安巴,NA,NA,NA
ATG,zh_tw,安地卡及巴布達,安地卡及巴布達,安巴,NA,NA,NA
AUS,zh_cn,澳大利亚,澳大利亚联邦,NA,NA,NA,NA
AUS,zh_hk,澳洲,澳大利亞聯邦,澳大利亞,NA,NA,NA
AUS,zh_mo,澳洲,澳大利亞聯邦,澳大利亞,NA,NA,NA
AUS,zh_my,澳大利亚,澳大利亚联邦,NA,NA,NA,NA
AUS,zh_sg,澳大利亚,澳大利亚联邦,NA,NA,NA,NA
AUS,zh_tw,澳洲,澳大利亞聯邦,澳大利亞,NA,NA,NA
AUT,zh_cn,奥地利,奥地利共和国,NA,NA,NA,NA
AUT,zh_hk,奧地利,奧地利共和國,NA,NA,NA,NA
AUT,zh_mo,奧地利,奧地利共和國,NA,NA,NA,NA
AUT,zh_my,奥地利,奥地利共和国,NA,NA,NA,NA
AUT,zh_sg,奥地利,奥地利共和国,NA,NA,NA,NA
AUT,zh_tw,奧地利,奧地利共和國,NA,NA,NA,NA
AZE,zh_cn,阿塞拜疆,阿塞拜疆共和国,NA,NA,NA,NA
AZE,zh_hk,阿塞拜疆,阿塞拜疆共和國,NA,NA,NA,NA
AZE,zh_mo,阿塞拜疆,阿塞拜疆共和國,NA,NA,NA,NA
AZE,zh_my,阿塞拜疆,阿塞拜疆共和国,NA,NA,NA,NA
AZE,zh_sg,阿塞拜疆,阿塞拜疆共和国,NA,NA,NA,NA
AZE,zh_tw,亞塞拜然,亞塞拜然共和國,NA,NA,NA,NA
BDI,zh_cn,布隆迪,布隆迪共和国,NA,NA,NA,NA
BDI,zh_hk,布隆迪,布隆迪共和國,NA,NA,NA,NA
BDI,zh_mo,布隆迪,布隆迪共和國,NA,NA,NA,NA
BDI,zh_my,布隆迪,布隆迪共和国,NA,NA,NA,NA
BDI,zh_sg,布隆迪,布隆迪共和国,NA,NA,NA,NA
BDI,zh_tw,蒲隆地,蒲隆地共和國,NA,NA,NA,NA
BEL,zh_cn,比利时,比利时王国,NA,NA,NA,NA
BEL,zh_hk,比利時,比利時王國,NA,NA,NA,NA
BEL,zh_mo,比利時,比利時王國,NA,NA,NA,NA
BEL,zh_my,比利时,比利时王国,NA,NA,NA,NA
BEL,zh_sg,比利时,比利时王国,NA,NA,NA,NA
BEL,zh_tw,比利時,比利時王國,NA,NA,NA,NA
BEN,zh_cn,贝宁,贝宁共和国,达荷美,NA,NA,NA
BEN,zh_hk,貝寧,貝寧共和國,達荷美,NA,NA,NA
BEN,zh_mo,貝寧,貝寧共和國,達荷美,NA,NA,NA
BEN,zh_my,贝宁,贝宁共和国,达荷美,NA,NA,NA
BEN,zh_sg,贝宁,贝宁共和国,达荷美,NA,NA,NA
BEN,zh_tw,貝南,貝南共和國,達荷美,NA,NA,NA
BES,zh_cn,荷兰加勒比区,荷兰加勒比区,荷属加勒比,群岛,NA,NA
BES,zh_hk,荷蘭加勒比區,荷蘭加勒比區,荷屬加勒比,群島,NA,NA
BES,zh_mo,荷蘭加勒比區,荷蘭加勒比區,荷屬加勒比,群島,NA,NA
BES,zh_my,荷兰加勒比区,荷兰加勒比区,荷属加勒比,群岛,NA,NA
BES,zh_sg,荷兰加勒比区,荷兰加勒比区,荷属加勒比,群岛,NA,NA
BES,zh_tw,荷蘭加勒比區,荷蘭加勒比區,荷屬加勒比,群島,NA,NA
BFA,zh_cn,布基纳法索,布基纳法索,NA,NA,NA,NA
BFA,zh_hk,布基納法索,布基納法索,NA,NA,NA,NA
BFA,zh_mo,布基納法索,布基納法索,NA,NA,NA,NA
BFA,zh_my,布基纳法索,布基纳法索,NA,NA,NA,NA
BFA,zh_sg,布基纳法索,布基纳法索,NA,NA,NA,NA
BFA,zh_tw,布吉納法索,布吉納法索,NA,NA,NA,NA
BGD,zh_cn,孟加拉国,孟加拉人民共和国,NA,NA,NA,NA
BGD,zh_hk,孟加拉,孟加拉人民共和國,NA,NA,NA,NA
BGD,zh_mo,孟加拉,孟加拉人民共和國,NA,NA,NA,NA
BGD,zh_my,孟加拉,孟加拉人民共和国,孟加拉国,NA,NA,NA
BGD,zh_sg,孟加拉,孟加拉人民共和国,孟加拉国,NA,NA,NA
BGD,zh_tw,孟加拉,孟加拉人民共和國,NA,NA,NA,NA
BGR,zh_cn,保加利亚,保加利亚共和国,NA,NA,NA,NA
BGR,zh_hk,保加利亞,保加利亞共和國,NA,NA,NA,NA
BGR,zh_mo,保加利亞,保加利亞共和國,NA,NA,NA,NA
BGR,zh_my,保加利亚,保加利亚共和国,NA,NA,NA,NA
BGR,zh_sg,保加利亚,保加利亚共和国,NA,NA,NA,NA
BGR,zh_tw,保加利亞,保加利亞共和國,NA,NA,NA,NA
BHR,zh_cn,巴林,巴林王国,NA,NA,NA,NA
BHR,zh_hk,巴林,巴林王國,NA,NA,NA,NA
BHR,zh_mo,巴林,巴林王國,NA,NA,NA,NA
BHR,zh_my,巴林,巴林王国,NA,NA,NA,NA
BHR,zh_sg,巴林,巴林王国,NA,NA,NA,NA
BHR,zh_tw,巴林,巴林王國,NA,NA,NA,NA
BHS,zh_cn,巴哈马,巴哈马国,NA,NA,NA,NA
BHS,zh_hk,巴哈馬,巴哈馬國,NA,NA,NA,NA
BHS,zh_mo,巴哈馬,巴哈馬國,NA,NA,NA,NA
BHS,zh_my,巴哈马,巴哈马国,NA,NA,NA,NA
BHS,zh_sg,巴哈马,巴哈马国,NA,NA,NA,NA
BHS,zh_tw,巴哈馬,巴哈馬國,NA,NA,NA,NA
BIH,zh_cn,波斯尼亚和黑塞哥维那,波斯尼亚和黑塞哥维那,波黑,波斯尼亚,NA,NA
BIH,zh_hk,波斯尼亞和黑塞哥維那,波斯尼亞和黑塞哥維那,波黑,波斯尼亞,NA,NA
BIH,zh_mo,波斯尼亞和黑塞哥維那,波斯尼亞和黑塞哥維那,波黑,波斯尼亞,NA,NA
BIH,zh_my,波斯尼亚和黑塞哥维那,波斯尼亚和黑塞哥维那,波黑,波斯尼亚,NA,NA
BIH,zh_sg,波斯尼亚和黑塞哥维那,波斯尼亚和黑塞哥维那,波黑,波斯尼亚,NA,NA
BIH,zh_tw,波士尼亞與赫塞哥維納,波士尼亞與赫塞哥維納,波赫,波士尼亞,NA,NA
BLM,zh_cn,圣巴泰勒米,圣巴泰勒米,圣巴泰勒米集体,圣巴特,NA,NA
BLM,zh_hk,聖巴泰勒米,聖巴泰勒米,聖巴泰勒米集體,聖巴特,NA,NA
BLM,zh_mo,聖巴泰勒米,聖巴泰勒米,聖巴泰勒米集體,聖巴特,NA,NA
BLM,zh_my,圣巴泰勒米,圣巴泰勒米,圣巴泰勒米集体,圣巴特,NA,NA
BLM,zh_sg,圣巴泰勒米,圣巴泰勒米,圣巴泰勒米集体,圣巴特,NA,NA
BLM,zh_tw,聖巴瑟米,聖巴瑟米,聖巴瑟米集體,聖巴特,NA,NA
BLR,zh_cn,白俄罗斯,白俄罗斯共和国,白俄,NA,NA,NA
BLR,zh_hk,白俄羅斯,白俄羅斯共和國,白俄,NA,NA,NA
BLR,zh_mo,白俄羅斯,白俄羅斯共和國,白俄,NA,NA,NA
BLR,zh_my,白俄罗斯,白俄罗斯共和国,白俄,NA,NA,NA
BLR,zh_sg,白俄罗斯,白俄罗斯共和国,白俄,NA,NA,NA
BLR,zh_tw,白俄羅斯,白俄羅斯共和國,白俄,NA,NA,NA
BLZ,zh_cn,伯利兹,伯利兹,贝里斯,NA,NA,NA
BLZ,zh_hk,伯利茲,伯利茲,貝里斯,NA,NA,NA
BLZ,zh_mo,伯利茲,伯利茲,貝里斯,NA,NA,NA
BLZ,zh_my,伯利兹,伯利兹,贝里斯,NA,NA,NA
BLZ,zh_sg,伯利兹,伯利兹,贝里斯,NA,NA,NA
BLZ,zh_tw,貝里斯,貝里斯,伯利茲,NA,NA,NA
BMU,zh_cn,百慕大,百慕大,NA,NA,NA,NA
BMU,zh_hk,百慕達,百慕達,NA,NA,NA,NA
BMU,zh_mo,百慕達,百慕達,NA,NA,NA,NA
BMU,zh_my,百慕大,百慕大,NA,NA,NA,NA
BMU,zh_sg,百慕大,百慕大,NA,NA,NA,NA
BMU,zh_tw,百慕達,百慕達,NA,NA,NA,NA
BOL,zh_cn,玻利维亚,多民族玻利维亚国,NA,NA,NA,NA
BOL,zh_hk,玻利維亞,多民族玻利維亞國,NA,NA,NA,NA
BOL,zh_mo,玻利維亞,多民族玻利維亞國,NA,NA,NA,NA
BOL,zh_my,玻利维亚,多民族玻利维亚国,NA,NA,NA,NA
BOL,zh_sg,玻利维亚,多民族玻利维亚国,NA,NA,NA,NA
BOL,zh_tw,玻利維亞,玻利維亞多民族國,NA,NA,NA,NA
BRA,zh_cn,巴西,巴西联邦共和国,NA,NA,NA,NA
BRA,zh_hk,巴西,巴西聯邦共和國,NA,NA,NA,NA
BRA,zh_mo,巴西,巴西聯邦共和國,NA,NA,NA,NA
BRA,zh_my,巴西,巴西联邦共和国,NA,NA,NA,NA
BRA,zh_sg,巴西,巴西联邦共和国,NA,NA,NA,NA
BRA,zh_tw,巴西,巴西聯邦共和國,NA,NA,NA,NA
BRB,zh_cn,巴巴多斯,巴巴多斯,巴贝多,NA,NA,NA
BRB,zh_hk,巴巴多斯,巴巴多斯,巴貝多,NA,NA,NA
BRB,zh_mo,巴巴多斯,巴巴多斯,巴貝多,NA,NA,NA
BRB,zh_my,巴巴多斯,巴巴多斯,巴贝多,NA,NA,NA
BRB,zh_sg,巴巴多斯,巴巴多斯,巴贝多,NA,NA,NA
BRB,zh_tw,巴貝多,巴貝多,巴巴多斯,NA,NA,NA
BRN,zh_cn,文莱,文莱达鲁萨兰国,文莱和平之国,NA,NA,NA
BRN,zh_hk,汶萊,汶萊達魯薩蘭國,汶萊和平之國,NA,NA,NA
BRN,zh_mo,汶萊,汶萊達魯薩蘭國,汶萊和平之國,NA,NA,NA
BRN,zh_my,汶莱,汶莱达鲁萨兰国,汶莱和平之国,NA,NA,NA
BRN,zh_sg,汶莱,汶莱达鲁萨兰国,汶莱和平之国,NA,NA,NA
BRN,zh_tw,汶萊,汶萊和平之國,汶萊達魯薩蘭國,NA,NA,NA
BTN,zh_cn,不丹,不丹王国,布鲁克巴,NA,NA,NA
BTN,zh_hk,不丹,不丹王國,布魯克巴,NA,NA,NA
BTN,zh_mo,不丹,不丹王國,布魯克巴,NA,NA,NA
BTN,zh_my,不丹,不丹王国,布鲁克巴,NA,NA,NA
BTN,zh_sg,不丹,不丹王国,布鲁克巴,NA,NA,NA
BTN,zh_tw,不丹,不丹王國,布魯克巴,NA,NA,NA
BVT,zh_cn,布韦岛,布韦岛,鲍威特岛,布威岛,NA,NA
BVT,zh_hk,鮑威特島,鮑威特島,布韋島,布威島,NA,NA
BVT,zh_mo,鮑威特島,鮑威特島,布韋島,布威島,NA,NA
BVT,zh_my,布韦岛,布韦岛,鲍威特岛,布威岛,NA,NA
BVT,zh_sg,布韦岛,布韦岛,鲍威特岛,布威岛,NA,NA
BVT,zh_tw,布威島,布威島,布韋島,鮑威特島,NA,NA
BWA,zh_cn,博茨瓦纳,博茨瓦纳共和国,NA,NA,NA,NA
BWA,zh_hk,博茨瓦納,博茨瓦納共和國,NA,NA,NA,NA
BWA,zh_mo,博茨瓦納,博茨瓦納共和國,NA,NA,NA,NA
BWA,zh_my,博茨瓦纳,博茨瓦纳共和国,NA,NA,NA,NA
BWA,zh_sg,博茨瓦纳,博茨瓦纳共和国,NA,NA,NA,NA
BWA,zh_tw,波札那,波札那共和國,NA,NA,NA,NA
CAF,zh_cn,中非共和国,中非共和国,中非,NA,NA,NA
CAF,zh_hk,中非共和國,中非共和國,中非,NA,NA,NA
CAF,zh_mo,中非共和國,中非共和國,中非,NA,NA,NA
CAF,zh_my,中非共和国,中非共和国,中非,NA,NA,NA
CAF,zh_sg,中非共和国,中非共和国,中非,NA,NA,NA
CAF,zh_tw,中非共和國,中非共和國,中非,NA,NA,NA
CAN,zh_cn,加拿大,加拿大,NA,NA,NA,NA
CAN,zh_hk,加拿大,加拿大,NA,NA,NA,NA
CAN,zh_mo,加拿大,加拿大,NA,NA,NA,NA
CAN,zh_my,加拿大,加拿大,NA,NA,NA,NA
CAN,zh_sg,加拿大,加拿大,NA,NA,NA,NA
CAN,zh_tw,加拿大,加拿大,NA,NA,NA,NA
CCK,zh_cn,科科斯（基林）群岛,科科斯（基林）群岛,NA,NA,NA,NA
CCK,zh_hk,科科斯（基林）群島,科科斯（基林）群島,NA,NA,NA,NA
CCK,zh_mo,科科斯（基林）群島,科科斯（基林）群島,NA,NA,NA,NA
CCK,zh_my,科科斯（基林）群岛,科科斯（基林）群岛,NA,NA,NA,NA
CCK,zh_sg,科科斯（基林）群岛,科科斯（基林）群岛,NA,NA,NA,NA
CCK,zh_tw,科科斯（基林）群島,科科斯（基林）群島,NA,NA,NA,NA
CHE,zh_cn,瑞士,瑞士联邦,NA,NA,NA,NA
CHE,zh_hk,瑞士,瑞士聯邦,NA,NA,NA,NA
CHE,zh_mo,瑞士,瑞士聯邦,NA,NA,NA,NA
CHE,zh_my,瑞士,瑞士联邦,NA,NA,NA,NA
CHE,zh_sg,瑞士,瑞士联邦,NA,NA,NA,NA
CHE,zh_tw,瑞士,瑞士聯邦,NA,NA,NA,NA
CHL,zh_cn,智利,智利共和国,NA,NA,NA,NA
CHL,zh_hk,智利,智利共和國,NA,NA,NA,NA
CHL,zh_mo,智利,智利共和國,NA,NA,NA,NA
CHL,zh_my,智利,智利共和国,NA,NA,NA,NA
CHL,zh_sg,智利,智利共和国,NA,NA,NA,NA
CHL,zh_tw,智利,智利共和國,NA,NA,NA,NA
CHN,zh_cn,中华人民共和国,中华人民共和国,中国,NA,NA,NA
CHN,zh_hk,中華人民共和國,中華人民共和國,中國,NA,NA,NA
CHN,zh_mo,中華人民共和國,中華人民共和國,中國,NA,NA,NA
CHN,zh_my,中华人民共和国,中华人民共和国,中国,NA,NA,NA
CHN,zh_sg,中华人民共和国,中华人民共和国,中国,NA,NA,NA
CHN,zh_tw,中華人民共和國,中華人民共和國,中國,NA,NA,NA
CIV,zh_cn,科特迪瓦,科特迪瓦共和国,NA,NA,NA,NA
CIV,zh_hk,科特迪瓦,科特迪瓦共和國,NA,NA,NA,NA
CIV,zh_mo,科特迪瓦,科特迪瓦共和國,NA,NA,NA,NA
CIV,zh_my,象牙海岸,象牙海岸共和国,NA,NA,NA,NA
CIV,zh_sg,象牙海岸,象牙海岸共和国,NA,NA,NA,NA
CIV,zh_tw,象牙海岸,象牙海岸共和國,NA,NA,NA,NA
CMR,zh_cn,喀麦隆,喀麦隆共和国,NA,NA,NA,NA
CMR,zh_hk,喀麥隆,喀麥隆共和國,NA,NA,NA,NA
CMR,zh_mo,喀麥隆,喀麥隆共和國,NA,NA,NA,NA
CMR,zh_my,喀麦隆,喀麦隆共和国,NA,NA,NA,NA
CMR,zh_sg,喀麦隆,喀麦隆共和国,NA,NA,NA,NA
CMR,zh_tw,喀麥隆,喀麥隆共和國,NA,NA,NA,NA
COD,zh_cn,刚果民主共和国,刚果民主共和国,民主刚果,刚果（金）,NA,NA
COD,zh_hk,剛果民主共和國,剛果民主共和國,民主剛果,剛果（金）,NA,NA
COD,zh_mo,剛果民主共和國,剛果民主共和國,民主剛果,剛果（金）,NA,NA
COD,zh_my,刚果民主共和国,刚果民主共和国,民主刚果,刚果（金）,NA,NA
COD,zh_sg,刚果民主共和国,刚果民主共和国,民主刚果,刚果（金）,NA,NA
COD,zh_tw,剛果民主共和國,剛果民主共和國,民主剛果,剛果（金）,NA,NA
COG,zh_cn,刚果共和国,刚果共和国,刚果,布拉柴维尔刚果,剛果（布）,NA
COG,zh_hk,剛果共和國,剛果共和國,剛果,布拉柴維爾剛果,剛果（布）,NA
COG,zh_mo,剛果共和國,剛果共和國,剛果,布拉柴維爾剛果,剛果（布）,NA
COG,zh_my,刚果共和国,刚果共和国,刚果,布拉柴维尔刚果,剛果（布）,NA
COG,zh_sg,刚果共和国,刚果共和国,刚果,布拉柴维尔刚果,剛果（布）,NA
COG,zh_tw,剛果共和國,剛果共和國,剛果,布拉薩市剛果,剛果（布拉薩市）,NA
COK,zh_cn,库克群岛,库克群岛,NA,NA,NA,NA
COK,zh_hk,庫克群島,庫克群島,NA,NA,NA,NA
COK,zh_mo,庫克群島,庫克群島,NA,NA,NA,NA
COK,zh_my,库克群岛,库克群岛,NA,NA,NA,NA
COK,zh_sg,库克群岛,库克群岛,NA,NA,NA,NA
COK,zh_tw,庫克群島,庫克群島,NA,NA,NA,NA
COL,zh_cn,哥伦比亚,哥伦比亚共和国,NA,NA,NA,NA
COL,zh_hk,哥倫比亞,哥倫比亞共和國,NA,NA,NA,NA
COL,zh_mo,哥倫比亞,哥倫比亞共和國,NA,NA,NA,NA
COL,zh_my,哥伦比亚,哥伦比亚共和国,NA,NA,NA,NA
COL,zh_sg,哥伦比亚,哥伦比亚共和国,NA,NA,NA,NA
COL,zh_tw,哥倫比亞,哥倫比亞共和國,NA,NA,NA,NA
COM,zh_cn,科摩罗,科摩罗联盟,葛摩联盟,葛摩,NA,NA
COM,zh_hk,科摩羅,科摩羅聯盟,葛摩聯盟,葛摩,NA,NA
COM,zh_mo,科摩羅,科摩羅聯盟,葛摩聯盟,葛摩,NA,NA
COM,zh_my,科摩罗,科摩罗联盟,葛摩联盟,葛摩,NA,NA
COM,zh_sg,科摩罗,科摩罗联盟,葛摩联盟,葛摩,NA,NA
COM,zh_tw,葛摩,葛摩聯盟,科摩羅聯盟,科摩羅,NA,NA
CPV,zh_cn,佛得角,佛得角共和国,NA,NA,NA,NA
CPV,zh_hk,維德角,維德角共和國,NA,NA,NA,NA
CPV,zh_mo,維德角,維德角共和國,NA,NA,NA,NA
CPV,zh_my,佛得角,佛得角共和国,NA,NA,NA,NA
CPV,zh_sg,佛得角,佛得角共和国,NA,NA,NA,NA
CPV,zh_tw,維德角,維德角共和國,NA,NA,NA,NA
CRI,zh_cn,哥斯达黎加,哥斯达黎加共和国,NA,NA,NA,NA
CRI,zh_hk,哥斯達黎加,哥斯達黎加共和國,NA,NA,NA,NA
CRI,zh_mo,哥斯達黎加,哥斯達黎加共和國,NA,NA,NA,NA
CRI,zh_my,哥斯达黎加,哥斯达黎加共和国,NA,NA,NA,NA
CRI,zh_sg,哥斯达黎加,哥斯达黎加共和国,NA,NA,NA,NA
CRI,zh_tw,哥斯大黎加,哥斯大黎加共和國,NA,NA,NA,NA
CUB,zh_cn,古巴,古巴共和国,NA,NA,NA,NA
CUB,zh_hk,古巴,古巴共和國,NA,NA,NA,NA
CUB,zh_mo,古巴,古巴共和國,NA,NA,NA,NA
CUB,zh_my,古巴,古巴共和国,NA,NA,NA,NA
CUB,zh_sg,古巴,古巴共和国,NA,NA,NA,NA
CUB,zh_tw,古巴,古巴共和國,NA,NA,NA,NA
CUW,zh_cn,库拉索,库拉索,NA,NA,NA,NA
CUW,zh_hk,庫拉索,庫拉索,NA,NA,NA,NA
CUW,zh_mo,庫拉索,庫拉索,NA,NA,NA,NA
CUW,zh_my,库拉索,库拉索,NA,NA,NA,NA
CUW,zh_sg,库拉索,库拉索,NA,NA,NA,NA
CUW,zh_tw,古拉索,古拉索,NA,NA,NA,NA
CXR,zh_cn,圣诞岛,圣诞岛,NA,NA,NA,NA
CXR,zh_hk,聖誕島,聖誕島,NA,NA,NA,NA
CXR,zh_mo,聖誕島,聖誕島,NA,NA,NA,NA
CXR,zh_my,圣诞岛,圣诞岛,NA,NA,NA,NA
CXR,zh_sg,圣诞岛,圣诞岛,NA,NA,NA,NA
CXR,zh_tw,聖誕島,聖誕島,NA,NA,NA,NA
CYM,zh_cn,开曼群岛,开曼群岛,凯门群岛,盖曼群岛,NA,NA
CYM,zh_hk,開曼群島,開曼群島,凱門群島,蓋曼群島,NA,NA
CYM,zh_mo,開曼群島,開曼群島,凱門群島,蓋曼群島,NA,NA
CYM,zh_my,开曼群岛,开曼群岛,凯门群岛,盖曼群岛,NA,NA
CYM,zh_sg,开曼群岛,开曼群岛,凯门群岛,盖曼群岛,NA,NA
CYM,zh_tw,開曼群島,開曼群島,凱門群島,蓋曼群島,NA,NA
CYP,zh_cn,塞浦路斯,塞浦路斯共和国,NA,NA,NA,NA
CYP,zh_hk,塞浦路斯,塞浦路斯共和國,NA,NA,NA,NA
CYP,zh_mo,塞浦路斯,塞浦路斯共和國,NA,NA,NA,NA
CYP,zh_my,塞浦路斯,塞浦路斯共和国,NA,NA,NA,NA
CYP,zh_sg,塞浦路斯,塞浦路斯共和国,NA,NA,NA,NA
CYP,zh_tw,賽普勒斯,賽普勒斯共和國,NA,NA,NA,NA
CZE,zh_cn,捷克,捷克共和国,NA,NA,NA,NA
CZE,zh_hk,捷克,捷克共和國,NA,NA,NA,NA
CZE,zh_mo,捷克,捷克共和國,NA,NA,NA,NA
CZE,zh_my,捷克,捷克共和国,NA,NA,NA,NA
CZE,zh_sg,捷克,捷克共和国,NA,NA,NA,NA
CZE,zh_tw,捷克,捷克共和國,NA,NA,NA,NA
DEU,zh_cn,德国,德意志联邦共和国,NA,NA,NA,NA
DEU,zh_hk,德國,德意志聯邦共和國,NA,NA,NA,NA
DEU,zh_mo,德國,德意志聯邦共和國,NA,NA,NA,NA
DEU,zh_my,德国,德意志联邦共和国,NA,NA,NA,NA
DEU,zh_sg,德国,德意志联邦共和国,NA,NA,NA,NA
DEU,zh_tw,德國,德意志聯邦共和國,NA,NA,NA,NA
DJI,zh_cn,吉布提,吉布提共和国,NA,NA,NA,NA
DJI,zh_hk,吉布提,吉布提共和國,NA,NA,NA,NA
DJI,zh_mo,吉布提,吉布提共和國,NA,NA,NA,NA
DJI,zh_my,吉布提,吉布提共和国,NA,NA,NA,NA
DJI,zh_sg,吉布提,吉布提共和国,NA,NA,NA,NA
DJI,zh_tw,吉布地,吉布地共和國,NA,NA,NA,NA
DMA,zh_cn,多米尼克,多米尼克国,NA,NA,NA,NA
DMA,zh_hk,多米尼克,多米尼克國,NA,NA,NA,NA
DMA,zh_mo,多米尼克,多米尼克國,NA,NA,NA,NA
DMA,zh_my,多米尼克,多米尼克国,NA,NA,NA,NA
DMA,zh_sg,多米尼克,多米尼克国,NA,NA,NA,NA
DMA,zh_tw,多米尼克,多米尼克國,NA,NA,NA,NA
DNK,zh_cn,丹麦,丹麦,NA,NA,NA,NA
DNK,zh_hk,丹麥,丹麥,NA,NA,NA,NA
DNK,zh_mo,丹麥,丹麥,NA,NA,NA,NA
DNK,zh_my,丹麦,丹麦,NA,NA,NA,NA
DNK,zh_sg,丹麦,丹麦,NA,NA,NA,NA
DNK,zh_tw,丹麥,丹麥,NA,NA,NA,NA
DOM,zh_cn,多米尼加,多米尼加共和国,NA,NA,NA,NA
DOM,zh_hk,多明尼加,多米尼加共和國,多米尼加,NA,NA,NA
DOM,zh_mo,多明尼加,多米尼加共和國,多米尼加,NA,NA,NA
DOM,zh_my,多米尼加,多米尼加共和国,NA,NA,NA,NA
DOM,zh_sg,多米尼加,多米尼加共和国,NA,NA,NA,NA
DOM,zh_tw,多明尼加,多米尼加共和國,多米尼加,NA,NA,NA
DZA,zh_cn,阿尔及利亚,阿尔及利亚民主人民共和国,NA,NA,NA,NA
DZA,zh_hk,阿爾及利亞,阿爾及利亞民主人民共和國,NA,NA,NA,NA
DZA,zh_mo,阿爾及利亞,阿爾及利亞民主人民共和國,NA,NA,NA,NA
DZA,zh_my,阿尔及利亚,阿尔及利亚民主人民共和国,NA,NA,NA,NA
DZA,zh_sg,阿尔及利亚,阿尔及利亚民主人民共和国,NA,NA,NA,NA
DZA,zh_tw,阿爾及利亞,阿爾及利亞民主人民共和國,NA,NA,NA,NA
ECU,zh_cn,厄瓜多尔,厄瓜多尔共和国,NA,NA,NA,NA
ECU,zh_hk,厄瓜多爾,厄瓜多爾共和國,NA,NA,NA,NA
ECU,zh_mo,厄瓜多爾,厄瓜多爾共和國,NA,NA,NA,NA
ECU,zh_my,厄瓜多尔,厄瓜多尔共和国,NA,NA,NA,NA
ECU,zh_sg,厄瓜多尔,厄瓜多尔共和国,NA,NA,NA,NA
ECU,zh_tw,厄瓜多,厄瓜多共和國,NA,NA,NA,NA
EGY,zh_cn,埃及,阿拉伯埃及共和国,NA,NA,NA,NA
EGY,zh_hk,埃及,阿拉伯埃及共和國,NA,NA,NA,NA
EGY,zh_mo,埃及,阿拉伯埃及共和國,NA,NA,NA,NA
EGY,zh_my,埃及,阿拉伯埃及共和国,NA,NA,NA,NA
EGY,zh_sg,埃及,阿拉伯埃及共和国,NA,NA,NA,NA
EGY,zh_tw,埃及,埃及阿拉伯共和國,NA,NA,NA,NA
ERI,zh_cn,厄立特里亚,厄立特里亚国,NA,NA,NA,NA
ERI,zh_hk,厄立特里亞,厄立特里亞國,NA,NA,NA,NA
ERI,zh_mo,厄立特里亞,厄立特里亞國,NA,NA,NA,NA
ERI,zh_my,厄立特里亚,厄立特里亚国,NA,NA,NA,NA
ERI,zh_sg,厄立特里亚,厄立特里亚国,NA,NA,NA,NA
ERI,zh_tw,厄利垂亞,厄利垂亞國,NA,NA,NA,NA
ESH,zh_cn,西撒哈拉,西撒哈拉,NA,NA,NA,NA
ESH,zh_hk,西撒哈拉,西撒哈拉,NA,NA,NA,NA
ESH,zh_mo,西撒哈拉,西撒哈拉,NA,NA,NA,NA
ESH,zh_my,西撒哈拉,西撒哈拉,NA,NA,NA,NA
ESH,zh_sg,西撒哈拉,西撒哈拉,NA,NA,NA,NA
ESH,zh_tw,西撒哈拉,西撒哈拉,NA,NA,NA,NA
ESP,zh_cn,西班牙,西班牙王国,日斯巴尼亚,以西巴尼亚,以西把你亚,NA
ESP,zh_hk,西班牙,西班牙王國,日斯巴尼亞,以西巴尼亞,以西把你亞,NA
ESP,zh_mo,西班牙,西班牙王國,日斯巴尼亞,以西巴尼亞,以西把你亞,NA
ESP,zh_my,西班牙,西班牙王国,日斯巴尼亚,以西巴尼亚,以西把你亚,NA
ESP,zh_sg,西班牙,西班牙王国,日斯巴尼亚,以西巴尼亚,以西把你亚,NA
ESP,zh_tw,西班牙,西班牙王國,日斯巴尼亞,以西巴尼亞,以西把你亞,NA
EST,zh_cn,爱沙尼亚,爱沙尼亚共和国,NA,NA,NA,NA
EST,zh_hk,愛沙尼亞,愛沙尼亞共和國,NA,NA,NA,NA
EST,zh_mo,愛沙尼亞,愛沙尼亞共和國,NA,NA,NA,NA
EST,zh_my,爱沙尼亚,爱沙尼亚共和国,NA,NA,NA,NA
EST,zh_sg,爱沙尼亚,爱沙尼亚共和国,NA,NA,NA,NA
EST,zh_tw,愛沙尼亞,愛沙尼亞共和國,NA,NA,NA,NA
ETH,zh_cn,埃塞俄比亚,埃塞俄比亚联邦民主共和国,埃塞,NA,NA,NA
ETH,zh_hk,埃塞俄比亞,埃塞俄比亞聯邦民主共和國,埃塞,NA,NA,NA
ETH,zh_mo,埃塞俄比亞,埃塞俄比亞聯邦民主共和國,埃塞,NA,NA,NA
ETH,zh_my,埃塞俄比亚,埃塞俄比亚联邦民主共和国,埃塞,NA,NA,NA
ETH,zh_sg,埃塞俄比亚,埃塞俄比亚联邦民主共和国,埃国,NA,NA,NA
ETH,zh_tw,衣索比亞,衣索比亞聯邦民主共和國,衣國,NA,NA,NA
FIN,zh_cn,芬兰,芬兰共和国,NA,NA,NA,NA
FIN,zh_hk,芬蘭,芬蘭共和國,NA,NA,NA,NA
FIN,zh_mo,芬蘭,芬蘭共和國,NA,NA,NA,NA
FIN,zh_my,芬兰,芬兰共和国,NA,NA,NA,NA
FIN,zh_sg,芬兰,芬兰共和国,NA,NA,NA,NA
FIN,zh_tw,芬蘭,芬蘭共和國,NA,NA,NA,NA
FJI,zh_cn,斐济,斐济共和国,NA,NA,NA,NA
FJI,zh_hk,斐濟,斐濟共和國,NA,NA,NA,NA
FJI,zh_mo,斐濟,斐濟共和國,NA,NA,NA,NA
FJI,zh_my,斐济,斐济共和国,NA,NA,NA,NA
FJI,zh_sg,斐济,斐济共和国,NA,NA,NA,NA
FJI,zh_tw,斐濟,斐濟共和國,NA,NA,NA,NA
FLK,zh_cn,福克兰群岛,福克兰群岛,马尔维纳斯群岛,NA,NA,NA
FLK,zh_hk,福克蘭群島,福克蘭群島,馬爾維納斯群島,NA,NA,NA
FLK,zh_mo,福克蘭群島,福克蘭群島,馬爾維納斯群島,NA,NA,NA
FLK,zh_my,福克兰群岛,福克兰群岛,马尔维纳斯群岛,NA,NA,NA
FLK,zh_sg,福克兰群岛,福克兰群岛,马尔维纳斯群岛,NA,NA,NA
FLK,zh_tw,福克蘭群島,福克蘭群島,馬爾維納斯群島,NA,NA,NA
FRA,zh_cn,法国,法兰西共和国,NA,NA,NA,NA
FRA,zh_hk,法國,法蘭西共和國,NA,NA,NA,NA
FRA,zh_mo,法國,法蘭西共和國,NA,NA,NA,NA
FRA,zh_my,法国,法兰西共和国,NA,NA,NA,NA
FRA,zh_sg,法国,法兰西共和国,NA,NA,NA,NA
FRA,zh_tw,法國,法蘭西共和國,NA,NA,NA,NA
FRO,zh_cn,法罗群岛,法罗群岛,NA,NA,NA,NA
FRO,zh_hk,法羅群島,法羅群島,NA,NA,NA,NA
FRO,zh_mo,法羅群島,法羅群島,NA,NA,NA,NA
FRO,zh_my,法罗群岛,法罗群岛,NA,NA,NA,NA
FRO,zh_sg,法罗群岛,法罗群岛,NA,NA,NA,NA
FRO,zh_tw,法羅群島,法羅群島,NA,NA,NA,NA
FSM,zh_cn,密克罗尼西亚联邦,密克罗尼西亚联邦,密克罗尼西亚,密联邦,NA,NA
FSM,zh_hk,密克羅尼西亞聯邦,密克羅尼西亞聯邦,密克羅尼西亞,密聯邦,NA,NA
FSM,zh_mo,密克羅尼西亞聯邦,密克羅尼西亞聯邦,密克羅尼西亞,密聯邦,NA,NA
FSM,zh_my,密克罗尼西亚联邦,密克罗尼西亚联邦,密克罗尼西亚,密联邦,NA,NA
FSM,zh_sg,密克罗尼西亚联邦,密克罗尼西亚联邦,密克罗尼西亚,密联邦,NA,NA
FSM,zh_tw,密克羅尼西亞聯邦,密克羅尼西亞聯邦,密克羅尼西亞,密聯邦,NA,NA
GAB,zh_cn,加蓬,加蓬共和国,NA,NA,NA,NA
GAB,zh_hk,加蓬,加蓬共和國,NA,NA,NA,NA
GAB,zh_mo,加蓬,加蓬共和國,NA,NA,NA,NA
GAB,zh_my,加蓬,加蓬共和国,NA,NA,NA,NA
GAB,zh_sg,加蓬,加蓬共和国,NA,NA,NA,NA
GAB,zh_tw,加彭,加彭共和國,NA,NA,NA,NA
GBR,zh_cn,英国,大不列颠及北爱尔兰联合王国,联合王国,不列颠,NA,NA
GBR,zh_hk,英國,大不列顛及北愛爾蘭聯合王國,聯合王國,不列顛,NA,NA
GBR,zh_mo,英國,大不列顛及北愛爾蘭聯合王國,聯合王國,不列顛,NA,NA
GBR,zh_my,英国,大不列颠及北爱尔兰联合王国,联合王国,不列颠,NA,NA
GBR,zh_sg,英国,大不列颠及北爱尔兰联合王国,联合王国,不列颠,NA,NA
GBR,zh_tw,英國,大不列顛暨北愛爾蘭聯合王國,聯合王國,不列顛,NA,NA
GEO,zh_cn,格鲁吉亚,格鲁吉亚,NA,NA,NA,NA
GEO,zh_hk,格魯吉亞,格魯吉亞,NA,NA,NA,NA
GEO,zh_mo,格魯吉亞,格魯吉亞,NA,NA,NA,NA
GEO,zh_my,格鲁吉亚,格鲁吉亚,NA,NA,NA,NA
GEO,zh_sg,格鲁吉亚,格鲁吉亚,NA,NA,NA,NA
GEO,zh_tw,喬治亞,喬治亞,NA,NA,NA,NA
GGY,zh_cn,根西,根西,NA,NA,NA,NA
GGY,zh_hk,根西,根西,NA,NA,NA,NA
GGY,zh_mo,根西,根西,NA,NA,NA,NA
GGY,zh_my,根西,根西,NA,NA,NA,NA
GGY,zh_sg,根西,根西,NA,NA,NA,NA
GGY,zh_tw,根西,根西,NA,NA,NA,NA
GHA,zh_cn,加纳,加纳共和国,NA,NA,NA,NA
GHA,zh_hk,加納,加納共和國,NA,NA,NA,NA
GHA,zh_mo,加納,加納共和國,NA,NA,NA,NA
GHA,zh_my,加纳,加纳共和国,NA,NA,NA,NA
GHA,zh_sg,加纳,加纳共和国,NA,NA,NA,NA
GHA,zh_tw,迦納,迦納共和國,NA,NA,NA,NA
GIB,zh_cn,直布罗陀,直布罗陀,NA,NA,NA,NA
GIB,zh_hk,直布羅陀,直布羅陀,NA,NA,NA,NA
GIB,zh_mo,直布羅陀,直布羅陀,NA,NA,NA,NA
GIB,zh_my,直布罗陀,直布罗陀,NA,NA,NA,NA
GIB,zh_sg,直布罗陀,直布罗陀,NA,NA,NA,NA
GIB,zh_tw,直布羅陀,直布羅陀,NA,NA,NA,NA
GIN,zh_cn,几内亚,几内亚共和国,NA,NA,NA,NA
GIN,zh_hk,畿內亞,畿內亞共和國,NA,NA,NA,NA
GIN,zh_mo,畿內亞,畿內亞共和國,NA,NA,NA,NA
GIN,zh_my,几内亚,几内亚共和国,NA,NA,NA,NA
GIN,zh_sg,几内亚,几内亚共和国,NA,NA,NA,NA
GIN,zh_tw,幾內亞,幾內亞共和國,NA,NA,NA,NA
GLP,zh_cn,瓜德罗普,瓜德罗普,瓜达洛普,NA,NA,NA
GLP,zh_hk,瓜德羅普,瓜德羅普,瓜達洛普,NA,NA,NA
GLP,zh_mo,瓜德羅普,瓜德羅普,瓜達洛普,NA,NA,NA
GLP,zh_my,瓜德罗普,瓜德罗普,瓜达洛普,NA,NA,NA
GLP,zh_sg,瓜德罗普,瓜德罗普,瓜达洛普,NA,NA,NA
GLP,zh_tw,瓜地洛普,瓜地洛普,瓜達洛普,NA,NA,NA
GMB,zh_cn,冈比亚,冈比亚共和国,NA,NA,NA,NA
GMB,zh_hk,岡比亞,岡比亞共和國,NA,NA,NA,NA
GMB,zh_mo,岡比亞,岡比亞共和國,NA,NA,NA,NA
GMB,zh_my,冈比亚,冈比亚共和国,NA,NA,NA,NA
GMB,zh_sg,冈比亚,冈比亚共和国,NA,NA,NA,NA
GMB,zh_tw,甘比亞,甘比亞共和國,NA,NA,NA,NA
GNB,zh_cn,几内亚比绍,几内亚比绍共和国,NA,NA,NA,NA
GNB,zh_hk,畿內亞比紹,畿內亞比紹共和國,NA,NA,NA,NA
GNB,zh_mo,畿內亞比紹,畿內亞比紹共和國,NA,NA,NA,NA
GNB,zh_my,几内亚比绍,几内亚比绍共和国,NA,NA,NA,NA
GNB,zh_sg,几内亚比绍,几内亚比绍共和国,NA,NA,NA,NA
GNB,zh_tw,幾內亞比索,幾內亞比索共和國,NA,NA,NA,NA
GNQ,zh_cn,赤道几内亚,赤道几内亚共和国,赤几,NA,NA,NA
GNQ,zh_hk,赤道畿內亞,赤道畿內亞共和國,赤畿,NA,NA,NA
GNQ,zh_mo,赤道畿內亞,赤道畿內亞共和國,赤畿,NA,NA,NA
GNQ,zh_my,赤道几内亚,赤道几内亚共和国,赤几,NA,NA,NA
GNQ,zh_sg,赤道几内亚,赤道几内亚共和国,赤几,NA,NA,NA
GNQ,zh_tw,赤道幾內亞,赤道幾內亞共和國,赤幾,NA,NA,NA
GRC,zh_cn,希腊,希腊共和国,NA,NA,NA,NA
GRC,zh_hk,希臘,希臘共和國,NA,NA,NA,NA
GRC,zh_mo,希臘,希臘共和國,NA,NA,NA,NA
GRC,zh_my,希腊,希腊共和国,NA,NA,NA,NA
GRC,zh_sg,希腊,希腊共和国,NA,NA,NA,NA
GRC,zh_tw,希臘,希臘共和國,NA,NA,NA,NA
GRD,zh_cn,格林纳达,格林纳达,NA,NA,NA,NA
GRD,zh_hk,格林納達,格林納達,NA,NA,NA,NA
GRD,zh_mo,格林納達,格林納達,NA,NA,NA,NA
GRD,zh_my,格林纳达,格林纳达,NA,NA,NA,NA
GRD,zh_sg,格林纳达,格林纳达,NA,NA,NA,NA
GRD,zh_tw,格瑞那達,格瑞那達,NA,NA,NA,NA
GRL,zh_cn,格陵兰,格陵兰,世界最大岛,NA,NA,NA
GRL,zh_hk,格陵蘭,格陵蘭,世界最大島,NA,NA,NA
GRL,zh_mo,格陵蘭,格陵蘭,世界最大島,NA,NA,NA
GRL,zh_my,格陵兰,格陵兰,世界最大岛,NA,NA,NA
GRL,zh_sg,格陵兰,格陵兰,世界最大岛,NA,NA,NA
GRL,zh_tw,格陵蘭,格陵蘭,世界最大島,NA,NA,NA
GTM,zh_cn,危地马拉,危地马拉共和国,NA,NA,NA,NA
GTM,zh_hk,危地馬拉,危地馬拉共和國,NA,NA,NA,NA
GTM,zh_mo,危地馬拉,危地馬拉共和國,NA,NA,NA,NA
GTM,zh_my,危地马拉,危地马拉共和国,NA,NA,NA,NA
GTM,zh_sg,危地马拉,危地马拉共和国,NA,NA,NA,NA
GTM,zh_tw,瓜地馬拉,瓜地馬拉共和國,NA,NA,NA,NA
GUF,zh_cn,法属圭亚那,法属圭亚那,圭亚那,NA,NA,NA
GUF,zh_hk,法屬圭亞那,法屬圭亞那,圭亞那,NA,NA,NA
GUF,zh_mo,法屬圭亞那,法屬圭亞那,圭亞那,NA,NA,NA
GUF,zh_my,法属圭亚那,法属圭亚那,圭亚那,NA,NA,NA
GUF,zh_sg,法属圭亚那,法属圭亚那,圭亚那,NA,NA,NA
GUF,zh_tw,法屬圭亞那,法屬圭亞那,圭亞那,NA,NA,NA
GUM,zh_cn,关岛,关岛,NA,NA,NA,NA
GUM,zh_hk,關島,關島,NA,NA,NA,NA
GUM,zh_mo,關島,關島,NA,NA,NA,NA
GUM,zh_my,关岛,关岛,NA,NA,NA,NA
GUM,zh_sg,关岛,关岛,NA,NA,NA,NA
GUM,zh_tw,關島,關島,NA,NA,NA,NA
GUY,zh_cn,圭亚那,圭亚那合作共和国,NA,NA,NA,NA
GUY,zh_hk,圭亞那,圭亞那合作共和國,NA,NA,NA,NA
GUY,zh_mo,圭亞那,圭亞那合作共和國,NA,NA,NA,NA
GUY,zh_my,圭亚那,圭亚那合作共和国,NA,NA,NA,NA
GUY,zh_sg,圭亚那,圭亚那合作共和国,NA,NA,NA,NA
GUY,zh_tw,蓋亞那,蓋亞那合作共和國,NA,NA,NA,NA
HKG,zh_cn,香港,香港,香港特别行政区,港,NA,NA
HKG,zh_hk,香港,香港,香港特別行政區,港,NA,NA
HKG,zh_mo,香港,香港,香港特別行政區,港,NA,NA
HKG,zh_my,香港,香港,香港特别行政区,港,NA,NA
HKG,zh_sg,香港,香港,香港特别行政区,港,NA,NA
HKG,zh_tw,香港,香港,香港特別行政區,港,NA,NA
HMD,zh_cn,赫德岛和麦克唐纳群岛,赫德岛和麦克唐纳群岛,NA,NA,NA,NA
HMD,zh_hk,赫德島和麥克唐納群島,赫德島和麥克唐納群島,NA,NA,NA,NA
HMD,zh_mo,赫德島和麥克唐納群島,赫德島和麥克唐納群島,NA,NA,NA,NA
HMD,zh_my,赫德岛和麦克唐纳群岛,赫德岛和麦克唐纳群岛,NA,NA,NA,NA
HMD,zh_sg,赫德岛和麦克唐纳群岛,赫德岛和麦克唐纳群岛,NA,NA,NA,NA
HMD,zh_tw,赫德島和麥克唐納群島,赫德島和麥克唐納群島,NA,NA,NA,NA
HND,zh_cn,洪都拉斯,洪都拉斯共和国,NA,NA,NA,NA
HND,zh_hk,洪都拉斯,洪都拉斯共和國,NA,NA,NA,NA
HND,zh_mo,洪都拉斯,洪都拉斯共和國,NA,NA,NA,NA
HND,zh_my,洪都拉斯,洪都拉斯共和国,NA,NA,NA,NA
HND,zh_sg,洪都拉斯,洪都拉斯共和国,NA,NA,NA,NA
HND,zh_tw,宏都拉斯,宏都拉斯共和國,NA,NA,NA,NA
HRV,zh_cn,克罗地亚,克罗地亚共和国,NA,NA,NA,NA
HRV,zh_hk,克羅地亞,克羅地亞共和國,NA,NA,NA,NA
HRV,zh_mo,克羅地亞,克羅地亞共和國,NA,NA,NA,NA
HRV,zh_my,克罗地亚,克罗地亚共和国,NA,NA,NA,NA
HRV,zh_sg,克罗地亚,克罗地亚共和国,NA,NA,NA,NA
HRV,zh_tw,克羅埃西亞,克羅埃西亞共和國,NA,NA,NA,NA
HTI,zh_cn,海地,海地共和国,NA,NA,NA,NA
HTI,zh_hk,海地,海地共和國,NA,NA,NA,NA
HTI,zh_mo,海地,海地共和國,NA,NA,NA,NA
HTI,zh_my,海地,海地共和国,NA,NA,NA,NA
HTI,zh_sg,海地,海地共和国,NA,NA,NA,NA
HTI,zh_tw,海地,海地共和國,NA,NA,NA,NA
HUN,zh_cn,匈牙利,匈牙利,NA,NA,NA,NA
HUN,zh_hk,匈牙利,匈牙利,NA,NA,NA,NA
HUN,zh_mo,匈牙利,匈牙利,NA,NA,NA,NA
HUN,zh_my,匈牙利,匈牙利,NA,NA,NA,NA
HUN,zh_sg,匈牙利,匈牙利,NA,NA,NA,NA
HUN,zh_tw,匈牙利,匈牙利,NA,NA,NA,NA
IDN,zh_cn,印度尼西亚,印度尼西亚共和国,印尼,NA,NA,NA
IDN,zh_hk,印度尼西亞,印度尼西亞共和國,NA,NA,NA,NA
IDN,zh_mo,印度尼西亞,印度尼西亞共和國,NA,NA,NA,NA
IDN,zh_my,印度尼西亚,印度尼西亚共和国,印尼,NA,NA,NA
IDN,zh_sg,印度尼西亚,印度尼西亚共和国,印尼,NA,NA,NA
IDN,zh_tw,印尼,印尼共和國,NA,NA,NA,NA
IMN,zh_cn,马恩岛,马恩岛,曼恩,NA,NA,NA
IMN,zh_hk,萌島,萌島,曼恩,NA,NA,NA
IMN,zh_mo,萌島,萌島,曼恩,NA,NA,NA
IMN,zh_my,马恩岛,马恩岛,曼恩,NA,NA,NA
IMN,zh_sg,马恩岛,马恩岛,曼恩,NA,NA,NA
IMN,zh_tw,曼島,曼島,曼恩,NA,NA,NA
IND,zh_cn,印度,印度共和国,NA,NA,NA,NA
IND,zh_hk,印度,印度共和國,NA,NA,NA,NA
IND,zh_mo,印度,印度共和國,NA,NA,NA,NA
IND,zh_my,印度,印度共和国,NA,NA,NA,NA
IND,zh_sg,印度,印度共和国,NA,NA,NA,NA
IND,zh_tw,印度,印度共和國,NA,NA,NA,NA
IOT,zh_cn,英属印度洋领地,英属印度洋领地,NA,NA,NA,NA
IOT,zh_hk,英屬印度洋領地,英屬印度洋領地,NA,NA,NA,NA
IOT,zh_mo,英屬印度洋領地,英屬印度洋領地,NA,NA,NA,NA
IOT,zh_my,英属印度洋领地,英属印度洋领地,NA,NA,NA,NA
IOT,zh_sg,英属印度洋领地,英属印度洋领地,NA,NA,NA,NA
IOT,zh_tw,英屬印度洋領地,英屬印度洋領地,NA,NA,NA,NA
IRL,zh_cn,爱尔兰,爱尔兰,爱尔兰共和国,NA,NA,NA
IRL,zh_hk,愛爾蘭,愛爾蘭,愛爾蘭共和國,NA,NA,NA
IRL,zh_mo,愛爾蘭,愛爾蘭,愛爾蘭共和國,NA,NA,NA
IRL,zh_my,爱尔兰,爱尔兰,爱尔兰共和国,NA,NA,NA
IRL,zh_sg,爱尔兰,爱尔兰,爱尔兰共和国,NA,NA,NA
IRL,zh_tw,愛爾蘭,愛爾蘭,愛爾蘭共和國,NA,NA,NA
IRN,zh_cn,伊朗,伊朗伊斯兰共和国,波斯,NA,NA,NA
IRN,zh_hk,伊朗,伊朗伊斯蘭共和國,波斯,NA,NA,NA
IRN,zh_mo,伊朗,伊朗伊斯蘭共和國,波斯,NA,NA,NA
IRN,zh_my,伊朗,伊朗伊斯兰共和国,波斯,NA,NA,NA
IRN,zh_sg,伊朗,伊朗伊斯兰共和国,波斯,NA,NA,NA
IRN,zh_tw,伊朗,伊朗伊斯蘭共和國,波斯,NA,NA,NA
IRQ,zh_cn,伊拉克,伊拉克共和国,NA,NA,NA,NA
IRQ,zh_hk,伊拉克,伊拉克共和國,NA,NA,NA,NA
IRQ,zh_mo,伊拉克,伊拉克共和國,NA,NA,NA,NA
IRQ,zh_my,伊拉克,伊拉克共和国,NA,NA,NA,NA
IRQ,zh_sg,伊拉克,伊拉克共和国,NA,NA,NA,NA
IRQ,zh_tw,伊拉克,伊拉克共和國,NA,NA,NA,NA
ISL,zh_cn,冰岛,冰岛,冰封之地,NA,NA,NA
ISL,zh_hk,冰島,冰島,冰封之地,NA,NA,NA
ISL,zh_mo,冰島,冰島,冰封之地,NA,NA,NA
ISL,zh_my,冰岛,冰岛,冰封之地,NA,NA,NA
ISL,zh_sg,冰岛,冰岛,冰封之地,NA,NA,NA
ISL,zh_tw,冰島,冰島,冰封之地,NA,NA,NA
ISR,zh_cn,以色列,以色列国,NA,NA,NA,NA
ISR,zh_hk,以色列,以色列國,NA,NA,NA,NA
ISR,zh_mo,以色列,以色列國,NA,NA,NA,NA
ISR,zh_my,以色列,以色列国,NA,NA,NA,NA
ISR,zh_sg,以色列,以色列国,NA,NA,NA,NA
ISR,zh_tw,以色列,以色列國,NA,NA,NA,NA
ITA,zh_cn,意大利,意大利共和国,NA,NA,NA,NA
ITA,zh_hk,意大利,意大利共和國,NA,NA,NA,NA
ITA,zh_mo,意大利,意大利共和國,NA,NA,NA,NA
ITA,zh_my,意大利,意大利共和国,NA,NA,NA,NA
ITA,zh_sg,意大利,意大利共和国,NA,NA,NA,NA
ITA,zh_tw,義大利,義大利共和國,NA,NA,NA,NA
JAM,zh_cn,牙买加,牙买加,NA,NA,NA,NA
JAM,zh_hk,牙買加,牙買加,NA,NA,NA,NA
JAM,zh_mo,牙買加,牙買加,NA,NA,NA,NA
JAM,zh_my,牙买加,牙买加,NA,NA,NA,NA
JAM,zh_sg,牙买加,牙买加,NA,NA,NA,NA
JAM,zh_tw,牙買加,牙買加,NA,NA,NA,NA
JEY,zh_cn,泽西,泽西行政区,哲尔赛,NA,NA,NA
JEY,zh_hk,澤西,澤西行政區,哲爾賽,NA,NA,NA
JEY,zh_mo,澤西,澤西行政區,哲爾賽,NA,NA,NA
JEY,zh_my,泽西,泽西行政区,哲尔赛,NA,NA,NA
JEY,zh_sg,泽西,泽西行政区,哲尔赛,NA,NA,NA
JEY,zh_tw,澤西,澤西行政區,哲爾賽,NA,NA,NA
JOR,zh_cn,约旦,约旦哈希姆王国,NA,NA,NA,NA
JOR,zh_hk,約旦,約旦哈希姆王國,NA,NA,NA,NA
JOR,zh_mo,約旦,約旦哈希姆王國,NA,NA,NA,NA
JOR,zh_my,约旦,约旦哈希姆王国,NA,NA,NA,NA
JOR,zh_sg,约旦,约旦哈希姆王国,NA,NA,NA,NA
JOR,zh_tw,約旦,約旦哈希米王國,NA,NA,NA,NA
JPN,zh_cn,日本,日本国,NA,NA,NA,NA
JPN,zh_hk,日本,日本國,NA,NA,NA,NA
JPN,zh_mo,日本,日本國,NA,NA,NA,NA
JPN,zh_my,日本,日本国,NA,NA,NA,NA
JPN,zh_sg,日本,日本国,NA,NA,NA,NA
JPN,zh_tw,日本,日本國,NA,NA,NA,NA
KAZ,zh_cn,哈萨克斯坦,哈萨克斯坦共和国,NA,NA,NA,NA
KAZ,zh_hk,哈薩克,哈薩克共和國,NA,NA,NA,NA
KAZ,zh_mo,哈薩克斯坦,哈薩克斯坦共和國,NA,NA,NA,NA
KAZ,zh_my,哈萨克斯坦,哈萨克斯坦共和国,NA,NA,NA,NA
KAZ,zh_sg,哈萨克斯坦,哈萨克斯坦共和国,NA,NA,NA,NA
KAZ,zh_tw,哈薩克,哈薩克共和國,NA,NA,NA,NA
KEN,zh_cn,肯尼亚,肯尼亚共和国,NA,NA,NA,NA
KEN,zh_hk,肯雅,肯雅共和國,NA,NA,NA,NA
KEN,zh_mo,肯雅,肯雅共和國,NA,NA,NA,NA
KEN,zh_my,肯尼亚,肯尼亚共和国,NA,NA,NA,NA
KEN,zh_sg,肯尼亚,肯尼亚共和国,NA,NA,NA,NA
KEN,zh_tw,肯亞,肯亞共和國,NA,NA,NA,NA
KGZ,zh_cn,吉尔吉斯斯坦,吉尔吉斯共和国,NA,NA,NA,NA
KGZ,zh_hk,吉爾吉斯,吉爾吉斯共和國,NA,NA,NA,NA
KGZ,zh_mo,吉爾吉斯,吉爾吉斯共和國,NA,NA,NA,NA
KGZ,zh_my,吉尔吉斯斯坦,吉尔吉斯共和国,NA,NA,NA,NA
KGZ,zh_sg,吉尔吉斯斯坦,吉尔吉斯共和国,NA,NA,NA,NA
KGZ,zh_tw,吉爾吉斯,吉爾吉斯共和國,NA,NA,NA,NA
KHM,zh_cn,柬埔寨,柬埔寨王国,NA,NA,NA,NA
KHM,zh_hk,柬埔寨,柬埔寨王國,NA,NA,NA,NA
KHM,zh_mo,柬埔寨,柬埔寨王國,NA,NA,NA,NA
KHM,zh_my,柬埔寨,柬埔寨王国,NA,NA,NA,NA
KHM,zh_sg,柬埔寨,柬埔寨王国,NA,NA,NA,NA
KHM,zh_tw,柬埔寨,柬埔寨王國,NA,NA,NA,NA
KIR,zh_cn,基里巴斯,基里巴斯共和国,NA,NA,NA,NA
KIR,zh_hk,基里巴斯,基里巴斯共和國,NA,NA,NA,NA
KIR,zh_mo,基里巴斯,基里巴斯共和國,NA,NA,NA,NA
KIR,zh_my,基里巴斯,基里巴斯共和国,NA,NA,NA,NA
KIR,zh_sg,基里巴斯,基里巴斯共和国,NA,NA,NA,NA
KIR,zh_tw,吉里巴斯,吉里巴斯共和國,NA,NA,NA,NA
KNA,zh_cn,圣基茨和尼维斯,圣基茨和尼维斯联邦,圣克里斯托弗和尼维斯联邦,圣尼,NA,NA
KNA,zh_hk,聖基茨和尼維斯,聖基茨和尼維斯聯邦,聖克里斯多福及尼維斯／聖吉斯納域斯聯邦,聖尼,NA,NA
KNA,zh_mo,聖基茨和尼維斯,聖基茨和尼維斯聯邦,聖克里斯多福及尼維斯聯邦,聖尼,NA,NA
KNA,zh_my,圣基茨和尼维斯,圣基茨和尼维斯联邦,圣克里斯托弗和尼维斯联邦,圣尼,NA,NA
KNA,zh_sg,圣基茨和尼维斯,圣基茨和尼维斯联邦,圣克里斯托弗和尼维斯联邦,圣尼,NA,NA
KNA,zh_tw,聖克里斯多福及尼維斯,聖克里斯多福及尼維斯聯邦,聖基茨和尼維斯聯邦,克國,NA,NA
KOR,zh_cn,大韩民国,大韩民国,韩国,南韩,NA,NA
KOR,zh_hk,大韓民國,大韓民國,韓國,南韓,NA,NA
KOR,zh_mo,大韓民國,大韓民國,韓國,南韓,NA,NA
KOR,zh_my,大韩民国,大韩民国,韩国,南韩,NA,NA
KOR,zh_sg,大韩民国,大韩民国,韩国,南韩,NA,NA
KOR,zh_tw,大韓民國,大韓民國,韓國,南韓,NA,NA
KWT,zh_cn,科威特,科威特国,NA,NA,NA,NA
KWT,zh_hk,科威特,科威特國,NA,NA,NA,NA
KWT,zh_mo,科威特,科威特國,NA,NA,NA,NA
KWT,zh_my,科威特,科威特国,NA,NA,NA,NA
KWT,zh_sg,科威特,科威特国,NA,NA,NA,NA
KWT,zh_tw,科威特,科威特國,NA,NA,NA,NA
LAO,zh_cn,老挝,老挝人民民主共和国,NA,NA,NA,NA
LAO,zh_hk,老撾,老撾人民民主共和國,NA,NA,NA,NA
LAO,zh_mo,老撾,老撾人民民主共和國,NA,NA,NA,NA
LAO,zh_my,寮国,老挝人民民主共和国,NA,NA,NA,NA
LAO,zh_sg,寮国,寮人民民主共和国,NA,NA,NA,NA
LAO,zh_tw,寮國,寮人民民主共和國,NA,NA,NA,NA
LBN,zh_cn,黎巴嫩,黎巴嫩共和国,NA,NA,NA,NA
LBN,zh_hk,黎巴嫩,黎巴嫩共和國,NA,NA,NA,NA
LBN,zh_mo,黎巴嫩,黎巴嫩共和國,NA,NA,NA,NA
LBN,zh_my,黎巴嫩,黎巴嫩共和国,NA,NA,NA,NA
LBN,zh_sg,黎巴嫩,黎巴嫩共和国,NA,NA,NA,NA
LBN,zh_tw,黎巴嫩,黎巴嫩共和國,NA,NA,NA,NA
LBR,zh_cn,利比里亚,利比里亚共和国,NA,NA,NA,NA
LBR,zh_hk,利比里亞,利比里亞共和國,NA,NA,NA,NA
LBR,zh_mo,利比里亞,利比里亞共和國,NA,NA,NA,NA
LBR,zh_my,利比里亚,利比里亚共和国,NA,NA,NA,NA
LBR,zh_sg,利比里亚,利比里亚共和国,NA,NA,NA,NA
LBR,zh_tw,賴比瑞亞,賴比瑞亞共和國,NA,NA,NA,NA
LBY,zh_cn,利比亚,利比亚国,NA,NA,NA,NA
LBY,zh_hk,利比亞,利比亞國,NA,NA,NA,NA
LBY,zh_mo,利比亞,利比亞國,NA,NA,NA,NA
LBY,zh_my,利比亚,利比亚国,NA,NA,NA,NA
LBY,zh_sg,利比亚,利比亚国,NA,NA,NA,NA
LBY,zh_tw,利比亞,利比亞國,NA,NA,NA,NA
LCA,zh_cn,圣卢西亚,圣卢西亚,NA,NA,NA,NA
LCA,zh_hk,聖盧西亞,聖盧西亞,NA,NA,NA,NA
LCA,zh_mo,聖盧西亞,聖盧西亞,NA,NA,NA,NA
LCA,zh_my,圣卢西亚,圣卢西亚,NA,NA,NA,NA
LCA,zh_sg,圣卢西亚,圣卢西亚,NA,NA,NA,NA
LCA,zh_tw,聖露西亞,聖露西亞,NA,NA,NA,NA
LIE,zh_cn,列支敦士登,列支敦士登亲王国,列支敦士登侯国,列支敦士登公国,NA,NA
LIE,zh_hk,列支敦士登,列支敦士登親王國,列支敦士登侯國,列支敦士登公國,NA,NA
LIE,zh_mo,列支敦士登,列支敦士登親王國,列支敦士登侯國,列支敦士登公國,NA,NA
LIE,zh_my,列支敦士登,列支敦士登亲王国,列支敦士登侯国,列支敦士登公国,NA,NA
LIE,zh_sg,列支敦士登,列支敦士登亲王国,列支敦士登侯国,列支敦士登公国,NA,NA
LIE,zh_tw,列支敦斯登,列支敦斯登親王國,列支敦斯登侯國,列支敦斯登公國,NA,NA
LKA,zh_cn,斯里兰卡,斯里兰卡民主社会主义共和国,锡兰,NA,NA,NA
LKA,zh_hk,斯里蘭卡,斯里蘭卡民主社會主義共和國,錫蘭,NA,NA,NA
LKA,zh_mo,斯里蘭卡,斯里蘭卡民主社會主義共和國,錫蘭,NA,NA,NA
LKA,zh_my,斯里兰卡,斯里兰卡民主社会主义共和国,锡兰,NA,NA,NA
LKA,zh_sg,斯里兰卡,斯里兰卡民主社会主义共和国,锡兰,NA,NA,NA
LKA,zh_tw,斯里蘭卡,斯里蘭卡民主社會主義共和國,錫蘭,NA,NA,NA
LSO,zh_cn,莱索托,莱索托王国,NA,NA,NA,NA
LSO,zh_hk,賴索托,賴索托王國,NA,NA,NA,NA
LSO,zh_mo,賴索托,賴索托王國,NA,NA,NA,NA
LSO,zh_my,莱索托,莱索托王国,NA,NA,NA,NA
LSO,zh_sg,莱索托,莱索托王国,NA,NA,NA,NA
LSO,zh_tw,賴索托,賴索托王國,NA,NA,NA,NA
LTU,zh_cn,立陶宛,立陶宛共和国,NA,NA,NA,NA
LTU,zh_hk,立陶宛,立陶宛共和國,NA,NA,NA,NA
LTU,zh_mo,立陶宛,立陶宛共和國,NA,NA,NA,NA
LTU,zh_my,立陶宛,立陶宛共和国,NA,NA,NA,NA
LTU,zh_sg,立陶宛,立陶宛共和国,NA,NA,NA,NA
LTU,zh_tw,立陶宛,立陶宛共和國,NA,NA,NA,NA
LUX,zh_cn,卢森堡,卢森堡大公国,NA,NA,NA,NA
LUX,zh_hk,盧森堡,盧森堡大公國,NA,NA,NA,NA
LUX,zh_mo,盧森堡,盧森堡大公國,NA,NA,NA,NA
LUX,zh_my,卢森堡,卢森堡大公国,NA,NA,NA,NA
LUX,zh_sg,卢森堡,卢森堡大公国,NA,NA,NA,NA
LUX,zh_tw,盧森堡,盧森堡大公國,NA,NA,NA,NA
LVA,zh_cn,拉脱维亚,拉脱维亚,拉脱维亚共和国,NA,NA,NA
LVA,zh_hk,拉脫維亞,拉脫維亞,拉脫維亞共和國,NA,NA,NA
LVA,zh_mo,拉脫維亞,拉脫維亞,拉脫維亞共和國,NA,NA,NA
LVA,zh_my,拉脱维亚,拉脱维亚,拉脱维亚共和国,NA,NA,NA
LVA,zh_sg,拉脱维亚,拉脱维亚,拉脱维亚共和国,NA,NA,NA
LVA,zh_tw,拉脫維亞,拉脫維亞,拉脫維亞共和國,NA,NA,NA
MAC,zh_cn,澳门,澳门,澳,NA,NA,NA
MAC,zh_hk,澳門,澳門,澳,NA,NA,NA
MAC,zh_mo,澳門,澳門,澳,NA,NA,NA
MAC,zh_my,澳门,澳门,澳,NA,NA,NA
MAC,zh_sg,澳门,澳门,澳,NA,NA,NA
MAC,zh_tw,澳門,澳門,澳,NA,NA,NA
MAF,zh_cn,法属圣马丁,圣马丁,圣马丁集体,NA,NA,NA
MAF,zh_hk,法屬聖馬丁,聖馬丁,聖馬丁集體,NA,NA,NA
MAF,zh_mo,法屬聖馬丁,聖馬丁,聖馬丁集體,NA,NA,NA
MAF,zh_my,法属圣马丁,圣马丁,圣马丁集体,NA,NA,NA
MAF,zh_sg,法属圣马丁,圣马丁,圣马丁集体,NA,NA,NA
MAF,zh_tw,法屬聖馬丁,聖馬丁,聖馬丁集體,NA,NA,NA
MAR,zh_cn,摩洛哥,摩洛哥王国,NA,NA,NA,NA
MAR,zh_hk,摩洛哥,摩洛哥王國,NA,NA,NA,NA
MAR,zh_mo,摩洛哥,摩洛哥王國,NA,NA,NA,NA
MAR,zh_my,摩洛哥,摩洛哥王国,NA,NA,NA,NA
MAR,zh_sg,摩洛哥,摩洛哥王国,NA,NA,NA,NA
MAR,zh_tw,摩洛哥,摩洛哥王國,NA,NA,NA,NA
MCO,zh_cn,摩纳哥,摩纳哥公国,摩纳哥侯国,摩纳哥亲王国,NA,NA
MCO,zh_hk,摩納哥,摩納哥親王國,摩納哥公國,摩納哥侯國,NA,NA
MCO,zh_mo,摩納哥,摩納哥親王國,摩納哥公國,摩納哥侯國,NA,NA
MCO,zh_my,摩纳哥,摩纳哥公国,摩纳哥侯国,摩纳哥亲王国,NA,NA
MCO,zh_sg,摩纳哥,摩纳哥公国,摩纳哥侯国,摩纳哥亲王国,NA,NA
MCO,zh_tw,摩納哥,摩納哥侯國,摩納哥公國,摩納哥親王國,NA,NA
MDA,zh_cn,摩尔多瓦,摩尔多瓦共和国,NA,NA,NA,NA
MDA,zh_hk,摩爾多瓦,摩爾多瓦共和國,NA,NA,NA,NA
MDA,zh_mo,摩爾多瓦,摩爾多瓦共和國,NA,NA,NA,NA
MDA,zh_my,摩尔多瓦,摩尔多瓦共和国,NA,NA,NA,NA
MDA,zh_sg,摩尔多瓦,摩尔多瓦共和国,NA,NA,NA,NA
MDA,zh_tw,摩爾多瓦,摩爾多瓦共和國,NA,NA,NA,NA
MDG,zh_cn,马达加斯加,马达加斯加共和国,马尔加什共和国,NA,NA,NA
MDG,zh_hk,馬達加斯加,馬達加斯加共和國,馬爾加什共和國,NA,NA,NA
MDG,zh_mo,馬達加斯加,馬達加斯加共和國,馬爾加什共和國,NA,NA,NA
MDG,zh_my,马达加斯加,马达加斯加共和国,马尔加什共和国,NA,NA,NA
MDG,zh_sg,马达加斯加,马达加斯加共和国,马尔加什共和国,NA,NA,NA
MDG,zh_tw,馬達加斯加,馬達加斯加共和國,馬拉加西共和國,NA,NA,NA
MDV,zh_cn,马尔代夫,马尔代夫共和国,溜山,NA,NA,NA
MDV,zh_hk,馬爾代夫,馬爾代夫共和國,溜山,NA,NA,NA
MDV,zh_mo,馬爾代夫,馬爾代夫共和國,溜山,NA,NA,NA
MDV,zh_my,马尔代夫,马尔代夫共和国,溜山,NA,NA,NA
MDV,zh_sg,马尔代夫,马尔代夫共和国,溜山,NA,NA,NA
MDV,zh_tw,馬爾地夫,馬爾地夫共和國,溜山,NA,NA,NA
MEX,zh_cn,墨西哥,墨西哥合众国,NA,NA,NA,NA
MEX,zh_hk,墨西哥,墨西哥合眾國,NA,NA,NA,NA
MEX,zh_mo,墨西哥,墨西哥合眾國,NA,NA,NA,NA
MEX,zh_my,墨西哥,墨西哥合众国,NA,NA,NA,NA
MEX,zh_sg,墨西哥,墨西哥合众国,NA,NA,NA,NA
MEX,zh_tw,墨西哥,墨西哥合眾國,NA,NA,NA,NA
MHL,zh_cn,马绍尔群岛,马绍尔群岛共和国,马绍尔,NA,NA,NA
MHL,zh_hk,馬紹爾群島,馬紹爾群島共和國,馬紹爾,NA,NA,NA
MHL,zh_mo,馬紹爾群島,馬紹爾群島共和國,馬紹爾,NA,NA,NA
MHL,zh_my,马绍尔群岛,马绍尔群岛共和国,马绍尔,NA,NA,NA
MHL,zh_sg,马绍尔群岛,马绍尔群岛共和国,马绍尔,NA,NA,NA
MHL,zh_tw,馬紹爾群島,馬紹爾群島共和國,馬紹爾,NA,NA,NA
MKD,zh_cn,北马其顿,北马其顿共和国,马其顿共和国,马其顿,NA,NA
MKD,zh_hk,北馬其頓,北馬其頓共和國,馬其頓共和國,馬其頓,NA,NA
MKD,zh_mo,北馬其頓,北馬其頓共和國,馬其頓共和國,馬其頓,NA,NA
MKD,zh_my,北马其顿,北马其顿共和国,马其顿共和国,马其顿,NA,NA
MKD,zh_sg,北马其顿,北马其顿共和国,马其顿共和国,马其顿,NA,NA
MKD,zh_tw,北馬其頓,北馬其頓共和國,馬其頓共和國,馬其頓,NA,NA
MLI,zh_cn,马里,马里共和国,NA,NA,NA,NA
MLI,zh_hk,馬里,馬里共和國,NA,NA,NA,NA
MLI,zh_mo,馬里,馬里共和國,NA,NA,NA,NA
MLI,zh_my,马里,马里共和国,NA,NA,NA,NA
MLI,zh_sg,马里,马里共和国,NA,NA,NA,NA
MLI,zh_tw,馬利,馬利共和國,NA,NA,NA,NA
MLT,zh_cn,马耳他,马耳他共和国,NA,NA,NA,NA
MLT,zh_hk,馬耳他,馬耳他共和國,NA,NA,NA,NA
MLT,zh_mo,馬耳他,馬耳他共和國,NA,NA,NA,NA
MLT,zh_my,马耳他,马耳他共和国,NA,NA,NA,NA
MLT,zh_sg,马耳他,马耳他共和国,NA,NA,NA,NA
MLT,zh_tw,馬爾他,馬爾他共和國,NA,NA,NA,NA
MMR,zh_cn,缅甸,缅甸联邦共和国,NA,NA,NA,NA
MMR,zh_hk,緬甸,緬甸聯邦共和國,NA,NA,NA,NA
MMR,zh_mo,緬甸,緬甸聯邦共和國,NA,NA,NA,NA
MMR,zh_my,缅甸,缅甸联邦共和国,NA,NA,NA,NA
MMR,zh_sg,缅甸,缅甸联邦共和国,NA,NA,NA,NA
MMR,zh_tw,緬甸,緬甸聯邦共和國,NA,NA,NA,NA
MNE,zh_cn,黑山,黑山,NA,NA,NA,NA
MNE,zh_hk,黑山,黑山,NA,NA,NA,NA
MNE,zh_mo,黑山,黑山,NA,NA,NA,NA
MNE,zh_my,黑山,黑山,NA,NA,NA,NA
MNE,zh_sg,黑山,黑山,NA,NA,NA,NA
MNE,zh_tw,蒙特內哥羅,蒙特內哥羅,NA,NA,NA,NA
MNG,zh_cn,蒙古国,蒙古国,蒙古,NA,NA,NA
MNG,zh_hk,蒙古國,蒙古國,蒙古,NA,NA,NA
MNG,zh_mo,蒙古國,蒙古國,蒙古,NA,NA,NA
MNG,zh_my,蒙古国,蒙古国,蒙古,NA,NA,NA
MNG,zh_sg,蒙古国,蒙古国,蒙古,NA,NA,NA
MNG,zh_tw,蒙古國,蒙古國,蒙古,NA,NA,NA
MNP,zh_cn,北马里亚纳群岛,北马里亚纳群岛自由邦,NA,NA,NA,NA
MNP,zh_hk,北馬里亞納群島,北馬里亞納群島自由邦,NA,NA,NA,NA
MNP,zh_mo,北馬里亞納群島,北馬里亞納群島自由邦,NA,NA,NA,NA
MNP,zh_my,北马里亚纳群岛,北马里亚纳群岛自由邦,NA,NA,NA,NA
MNP,zh_sg,北马里亚纳群岛,北马里亚纳群岛自由邦,NA,NA,NA,NA
MNP,zh_tw,北馬利安納群島,北馬利安納群島邦,NA,NA,NA,NA
MOZ,zh_cn,莫桑比克,莫桑比克共和国,NA,NA,NA,NA
MOZ,zh_hk,莫桑比克,莫桑比克共和國,NA,NA,NA,NA
MOZ,zh_mo,莫桑比克,莫桑比克共和國,NA,NA,NA,NA
MOZ,zh_my,莫桑比克,莫桑比克共和国,NA,NA,NA,NA
MOZ,zh_sg,莫桑比克,莫桑比克共和国,NA,NA,NA,NA
MOZ,zh_tw,莫三比克,莫三比克共和國,NA,NA,NA,NA
MRT,zh_cn,毛里塔尼亚,毛里塔尼亚伊斯兰共和国,NA,NA,NA,NA
MRT,zh_hk,毛里塔尼亞,毛里塔尼亞伊斯蘭共和國,NA,NA,NA,NA
MRT,zh_mo,毛里塔尼亞,毛里塔尼亞伊斯蘭共和國,NA,NA,NA,NA
MRT,zh_my,毛里塔尼亚,毛里塔尼亚伊斯兰共和国,NA,NA,NA,NA
MRT,zh_sg,毛里塔尼亚,毛里塔尼亚伊斯兰共和国,NA,NA,NA,NA
MRT,zh_tw,茅利塔尼亞,茅利塔尼亞伊斯蘭共和國,NA,NA,NA,NA
MSR,zh_cn,蒙特塞拉特,蒙特塞拉特,NA,NA,NA,NA
MSR,zh_hk,蒙特塞拉特,蒙特塞拉特,NA,NA,NA,NA
MSR,zh_mo,蒙特塞拉特,蒙特塞拉特,NA,NA,NA,NA
MSR,zh_my,蒙特塞拉特,蒙特塞拉特,NA,NA,NA,NA
MSR,zh_sg,蒙特塞拉特,蒙特塞拉特,NA,NA,NA,NA
MSR,zh_tw,蒙哲臘,蒙哲臘,NA,NA,NA,NA
MTQ,zh_cn,马提尼克,马提尼克,NA,NA,NA,NA
MTQ,zh_hk,馬提尼克,馬提尼克,NA,NA,NA,NA
MTQ,zh_mo,馬提尼克,馬提尼克,NA,NA,NA,NA
MTQ,zh_my,马提尼克,马提尼克,NA,NA,NA,NA
MTQ,zh_sg,马提尼克,马提尼克,NA,NA,NA,NA
MTQ,zh_tw,馬丁尼克,馬丁尼克,NA,NA,NA,NA
MUS,zh_cn,毛里求斯,毛里求斯共和国,NA,NA,NA,NA
MUS,zh_hk,毛里裘斯,毛里裘斯共和國,NA,NA,NA,NA
MUS,zh_mo,毛里裘斯,毛里裘斯共和國,NA,NA,NA,NA
MUS,zh_my,毛里求斯,毛里求斯共和国,NA,NA,NA,NA
MUS,zh_sg,毛里求斯,毛里求斯共和国,NA,NA,NA,NA
MUS,zh_tw,模里西斯,模里西斯共和國,NA,NA,NA,NA
MWI,zh_cn,马拉维,马拉维共和国,NA,NA,NA,NA
MWI,zh_hk,馬拉維,馬拉維共和國,NA,NA,NA,NA
MWI,zh_mo,馬拉維,馬拉維共和國,NA,NA,NA,NA
MWI,zh_my,马拉维,马拉维共和国,NA,NA,NA,NA
MWI,zh_sg,马拉维,马拉维共和国,NA,NA,NA,NA
MWI,zh_tw,馬拉威,馬拉威共和國,NA,NA,NA,NA
MYS,zh_cn,马来西亚,马来西亚,NA,NA,NA,NA
MYS,zh_hk,馬來西亞,馬來西亞,NA,NA,NA,NA
MYS,zh_mo,馬來西亞,馬來西亞,NA,NA,NA,NA
MYS,zh_my,马来西亚,马来西亚,NA,NA,NA,NA
MYS,zh_sg,马来西亚,马来西亚,NA,NA,NA,NA
MYS,zh_tw,馬來西亞,馬來西亞,NA,NA,NA,NA
MYT,zh_cn,马约特,马约特,马约特省,NA,NA,NA
MYT,zh_hk,馬約特,馬約特,馬約特省,NA,NA,NA
MYT,zh_mo,馬約特,馬約特,馬約特省,NA,NA,NA
MYT,zh_my,马约特,马约特,马约特省,NA,NA,NA
MYT,zh_sg,马约特,马约特,马约特省,NA,NA,NA
MYT,zh_tw,馬約特,馬約特,馬約特省,NA,NA,NA
"NAM",zh_cn,纳米比亚,纳米比亚共和国,NA,NA,NA,NA
"NAM",zh_hk,納米比亞,納米比亞共和國,NA,NA,NA,NA
"NAM",zh_mo,納米比亞,納米比亞共和國,NA,NA,NA,NA
"NAM",zh_my,纳米比亚,纳米比亚共和国,NA,NA,NA,NA
"NAM",zh_sg,纳米比亚,纳米比亚共和国,NA,NA,NA,NA
"NAM",zh_tw,納米比亞,納米比亞共和國,NA,NA,NA,NA
NCL,zh_cn,新喀里多尼亚,新喀里多尼亚,NA,NA,NA,NA
NCL,zh_hk,新喀里多尼亞,新喀里多尼亞,NA,NA,NA,NA
NCL,zh_mo,新喀里多尼亞,新喀里多尼亞,NA,NA,NA,NA
NCL,zh_my,新喀里多尼亚,新喀里多尼亚,NA,NA,NA,NA
NCL,zh_sg,新喀里多尼亚,新喀里多尼亚,NA,NA,NA,NA
NCL,zh_tw,新喀里多尼亞,新喀里多尼亞,NA,NA,NA,NA
NER,zh_cn,尼日尔,尼日尔共和国,NA,NA,NA,NA
NER,zh_hk,尼日爾,尼日爾共和國,NA,NA,NA,NA
NER,zh_mo,尼日爾,尼日爾共和國,NA,NA,NA,NA
NER,zh_my,尼日尔,尼日尔共和国,NA,NA,NA,NA
NER,zh_sg,尼日尔,尼日尔共和国,NA,NA,NA,NA
NER,zh_tw,尼日,尼日共和國,NA,NA,NA,NA
NFK,zh_cn,诺福克岛,诺福克岛,NA,NA,NA,NA
NFK,zh_hk,諾福克島,諾福克島,NA,NA,NA,NA
NFK,zh_mo,諾福克島,諾福克島,NA,NA,NA,NA
NFK,zh_my,诺福克岛,诺福克岛,NA,NA,NA,NA
NFK,zh_sg,诺福克岛,诺福克岛,NA,NA,NA,NA
NFK,zh_tw,諾福克島,諾福克島,NA,NA,NA,NA
NGA,zh_cn,尼日利亚,尼日利亚联邦共和国,NA,NA,NA,NA
NGA,zh_hk,尼日利亞,尼日利亞聯邦共和國,NA,NA,NA,NA
NGA,zh_mo,尼日利亞,尼日利亞聯邦共和國,NA,NA,NA,NA
NGA,zh_my,尼日利亚,尼日利亚联邦共和国,NA,NA,NA,NA
NGA,zh_sg,尼日利亚,尼日利亚联邦共和国,NA,NA,NA,NA
NGA,zh_tw,奈及利亞,奈及利亞聯邦共和國,NA,NA,NA,NA
NIC,zh_cn,尼加拉瓜,尼加拉瓜共和国,NA,NA,NA,NA
NIC,zh_hk,尼加拉瓜,尼加拉瓜共和國,NA,NA,NA,NA
NIC,zh_mo,尼加拉瓜,尼加拉瓜共和國,NA,NA,NA,NA
NIC,zh_my,尼加拉瓜,尼加拉瓜共和国,NA,NA,NA,NA
NIC,zh_sg,尼加拉瓜,尼加拉瓜共和国,NA,NA,NA,NA
NIC,zh_tw,尼加拉瓜,尼加拉瓜共和國,NA,NA,NA,NA
NIU,zh_cn,纽埃,纽埃,纽威,NA,NA,NA
NIU,zh_hk,紐埃,紐埃,紐威,NA,NA,NA
NIU,zh_mo,紐埃,紐埃,紐威,NA,NA,NA
NIU,zh_my,纽埃,纽埃,纽威,NA,NA,NA
NIU,zh_sg,纽埃,纽埃,纽威,NA,NA,NA
NIU,zh_tw,紐埃,紐埃,紐威,NA,NA,NA
NLD,zh_cn,荷兰,荷兰,NA,NA,NA,NA
NLD,zh_hk,荷蘭,荷蘭,NA,NA,NA,NA
NLD,zh_mo,荷蘭,荷蘭,NA,NA,NA,NA
NLD,zh_my,荷兰,荷兰,NA,NA,NA,NA
NLD,zh_sg,荷兰,荷兰,NA,NA,NA,NA
NLD,zh_tw,荷蘭,荷蘭,NA,NA,NA,NA
NOR,zh_cn,挪威,挪威王国,NA,NA,NA,NA
NOR,zh_hk,挪威,挪威王國,NA,NA,NA,NA
NOR,zh_mo,挪威,挪威王國,NA,NA,NA,NA
NOR,zh_my,挪威,挪威王国,NA,NA,NA,NA
NOR,zh_sg,挪威,挪威王国,NA,NA,NA,NA
NOR,zh_tw,挪威,挪威王國,NA,NA,NA,NA
NPL,zh_cn,尼泊尔,尼泊尔联邦民主共和国,NA,NA,NA,NA
NPL,zh_hk,尼泊爾,尼泊爾聯邦民主共和國,NA,NA,NA,NA
NPL,zh_mo,尼泊爾,尼泊爾聯邦民主共和國,NA,NA,NA,NA
NPL,zh_my,尼泊尔,尼泊尔联邦民主共和国,NA,NA,NA,NA
NPL,zh_sg,尼泊尔,尼泊尔联邦民主共和国,NA,NA,NA,NA
NPL,zh_tw,尼泊爾,尼泊爾聯邦民主共和國,NA,NA,NA,NA
NRU,zh_cn,瑙鲁,瑙鲁共和国,NA,NA,NA,NA
NRU,zh_hk,瑙魯,瑙魯共和國,NA,NA,NA,NA
NRU,zh_mo,諾魯,瑙魯共和國,瑙魯,NA,NA,NA
NRU,zh_my,瑙鲁,瑙鲁共和国,NA,NA,NA,NA
NRU,zh_sg,瑙鲁,瑙鲁共和国,NA,NA,NA,NA
NRU,zh_tw,諾魯,諾魯共和國,NA,NA,NA,NA
NZL,zh_cn,新西兰,新西兰,奥特亚罗瓦,NA,NA,NA
NZL,zh_hk,新西蘭,新西蘭,奧特亞羅瓦,NA,NA,NA
NZL,zh_mo,紐西蘭,紐西蘭,奧特亞羅瓦,NA,NA,NA
NZL,zh_my,新西兰,新西兰,奥特亚罗瓦,NA,NA,NA
NZL,zh_sg,新西兰,新西兰,奥特亚罗瓦,NA,NA,NA
NZL,zh_tw,紐西蘭,紐西蘭,奧特亞羅瓦,NA,NA,NA
OMN,zh_cn,阿曼,阿曼苏丹国,NA,NA,NA,NA
OMN,zh_hk,阿曼,阿曼蘇丹國,NA,NA,NA,NA
OMN,zh_mo,阿曼,阿曼蘇丹國,NA,NA,NA,NA
OMN,zh_my,阿曼,阿曼苏丹国,NA,NA,NA,NA
OMN,zh_sg,阿曼,阿曼苏丹国,NA,NA,NA,NA
OMN,zh_tw,阿曼,阿曼蘇丹國,NA,NA,NA,NA
PAK,zh_cn,巴基斯坦,巴基斯坦伊斯兰共和国,NA,NA,NA,NA
PAK,zh_hk,巴基斯坦,巴基斯坦伊斯蘭共和國,NA,NA,NA,NA
PAK,zh_mo,巴基斯坦,巴基斯坦伊斯蘭共和國,NA,NA,NA,NA
PAK,zh_my,巴基斯坦,巴基斯坦伊斯兰共和国,NA,NA,NA,NA
PAK,zh_sg,巴基斯坦,巴基斯坦伊斯兰共和国,NA,NA,NA,NA
PAK,zh_tw,巴基斯坦,巴基斯坦伊斯蘭共和國,NA,NA,NA,NA
PAN,zh_cn,巴拿马,巴拿马共和国,NA,NA,NA,NA
PAN,zh_hk,巴拿馬,巴拿馬共和國,NA,NA,NA,NA
PAN,zh_mo,巴拿馬,巴拿馬共和國,NA,NA,NA,NA
PAN,zh_my,巴拿马,巴拿马共和国,NA,NA,NA,NA
PAN,zh_sg,巴拿马,巴拿马共和国,NA,NA,NA,NA
PAN,zh_tw,巴拿馬,巴拿馬共和國,NA,NA,NA,NA
PCN,zh_cn,皮特凯恩群岛,皮特凯恩群岛,皮特凯恩岛,NA,NA,NA
PCN,zh_hk,皮特肯群島,皮特肯群島,皮特肯島,NA,NA,NA
PCN,zh_mo,皮特肯群島,皮特肯群島,皮特肯島,NA,NA,NA
PCN,zh_my,皮特凯恩群岛,皮特凯恩群岛,皮特凯恩岛,NA,NA,NA
PCN,zh_sg,皮特凯恩群岛,皮特凯恩群岛,皮特凯恩岛,NA,NA,NA
PCN,zh_tw,皮特肯群島,皮特肯群島,皮特肯島,NA,NA,NA
PER,zh_cn,秘鲁,秘鲁共和国,NA,NA,NA,NA
PER,zh_hk,秘魯,秘魯共和國,NA,NA,NA,NA
PER,zh_mo,秘魯,秘魯共和國,NA,NA,NA,NA
PER,zh_my,秘鲁,秘鲁共和国,NA,NA,NA,NA
PER,zh_sg,秘鲁,秘鲁共和国,NA,NA,NA,NA
PER,zh_tw,秘魯,秘魯共和國,NA,NA,NA,NA
PHL,zh_cn,菲律宾,菲律宾共和国,NA,NA,NA,NA
PHL,zh_hk,菲律賓,菲律賓共和國,NA,NA,NA,NA
PHL,zh_mo,菲律賓,菲律賓共和國,NA,NA,NA,NA
PHL,zh_my,菲律宾,菲律宾共和国,NA,NA,NA,NA
PHL,zh_sg,菲律宾,菲律宾共和国,NA,NA,NA,NA
PHL,zh_tw,菲律賓,菲律賓共和國,NA,NA,NA,NA
PLW,zh_cn,帕劳,帕劳共和国,NA,NA,NA,NA
PLW,zh_hk,帛琉,帛琉共和國,NA,NA,NA,NA
PLW,zh_mo,帛琉,帛琉共和國,NA,NA,NA,NA
PLW,zh_my,帕劳,帕劳共和国,NA,NA,NA,NA
PLW,zh_sg,帕劳,帕劳共和国,NA,NA,NA,NA
PLW,zh_tw,帛琉,帛琉共和國,NA,NA,NA,NA
PNG,zh_cn,巴布亚新几内亚,巴布亚新几内亚独立国,巴新,NA,NA,NA
PNG,zh_hk,巴布亞新畿內亞,巴布亞新畿內亞獨立國,巴新,NA,NA,NA
PNG,zh_mo,巴布亞新畿內亞,巴布亞新畿內亞獨立國,巴新,NA,NA,NA
PNG,zh_my,巴布亚新几内亚,巴布亚新几内亚独立国,巴新,NA,NA,NA
PNG,zh_sg,巴布亚新几内亚,巴布亚新几内亚独立国,巴新,NA,NA,NA
PNG,zh_tw,巴布亞紐幾內亞,巴布亞紐幾內亞獨立國,巴紐,NA,NA,NA
POL,zh_cn,波兰,波兰共和国,NA,NA,NA,NA
POL,zh_hk,波蘭,波蘭共和國,NA,NA,NA,NA
POL,zh_mo,波蘭,波蘭共和國,NA,NA,NA,NA
POL,zh_my,波兰,波兰共和国,NA,NA,NA,NA
POL,zh_sg,波兰,波兰共和国,NA,NA,NA,NA
POL,zh_tw,波蘭,波蘭共和國,NA,NA,NA,NA
PRI,zh_cn,波多黎各,波多黎各自由邦,NA,NA,NA,NA
PRI,zh_hk,波多黎各,波多黎各自由邦,NA,NA,NA,NA
PRI,zh_mo,波多黎各,波多黎各自由邦,NA,NA,NA,NA
PRI,zh_my,波多黎各,波多黎各自由邦,NA,NA,NA,NA
PRI,zh_sg,波多黎各,波多黎各自由邦,NA,NA,NA,NA
PRI,zh_tw,波多黎各,波多黎各自由邦,NA,NA,NA,NA
PRK,zh_cn,朝鲜民主主义人民共和国,朝鲜民主主义人民共和国,朝鲜,北韩,NA,NA
PRK,zh_hk,朝鮮民主主義人民共和國,朝鮮民主主義人民共和國,朝鮮,北韓,NA,NA
PRK,zh_mo,朝鮮民主主義人民共和國,朝鮮民主主義人民共和國,朝鮮,北韓,NA,NA
PRK,zh_my,朝鲜民主主义人民共和国,朝鲜民主主义人民共和国,朝鲜,北韩,NA,NA
PRK,zh_sg,朝鲜民主主义人民共和国,朝鲜民主主义人民共和国,朝鲜,北韩,NA,NA
PRK,zh_tw,朝鮮民主主義人民共和國,朝鮮民主主義人民共和國,朝鮮,北韓,NA,NA
PRT,zh_cn,葡萄牙,葡萄牙共和国,葡国,NA,NA,NA
PRT,zh_hk,葡萄牙,葡萄牙共和國,葡國,NA,NA,NA
PRT,zh_mo,葡萄牙,葡萄牙共和國,葡國,NA,NA,NA
PRT,zh_my,葡萄牙,葡萄牙共和国,葡国,NA,NA,NA
PRT,zh_sg,葡萄牙,葡萄牙共和国,葡国,NA,NA,NA
PRT,zh_tw,葡萄牙,葡萄牙共和國,葡國,NA,NA,NA
PRY,zh_cn,巴拉圭,巴拉圭共和国,NA,NA,NA,NA
PRY,zh_hk,巴拉圭,巴拉圭共和國,NA,NA,NA,NA
PRY,zh_mo,巴拉圭,巴拉圭共和國,NA,NA,NA,NA
PRY,zh_my,巴拉圭,巴拉圭共和国,NA,NA,NA,NA
PRY,zh_sg,巴拉圭,巴拉圭共和国,NA,NA,NA,NA
PRY,zh_tw,巴拉圭,巴拉圭共和國,NA,NA,NA,NA
PSE,zh_cn,巴勒斯坦国,巴勒斯坦国,巴勒斯坦,NA,NA,NA
PSE,zh_hk,巴勒斯坦國,巴勒斯坦國,巴勒斯坦,NA,NA,NA
PSE,zh_mo,巴勒斯坦國,巴勒斯坦國,巴勒斯坦,NA,NA,NA
PSE,zh_my,巴勒斯坦国,巴勒斯坦国,巴勒斯坦,NA,NA,NA
PSE,zh_sg,巴勒斯坦国,巴勒斯坦国,巴勒斯坦,NA,NA,NA
PSE,zh_tw,巴勒斯坦國,巴勒斯坦國,巴勒斯坦,NA,NA,NA
PYF,zh_cn,法属波利尼西亚,法属波利尼西亚,NA,NA,NA,NA
PYF,zh_hk,法屬波利尼西亞,法屬波利尼西亞,NA,NA,NA,NA
PYF,zh_mo,法屬波利尼西亞,法屬波利尼西亞,NA,NA,NA,NA
PYF,zh_my,法属波利尼西亚,法属波利尼西亚,NA,NA,NA,NA
PYF,zh_sg,法属波利尼西亚,法属波利尼西亚,NA,NA,NA,NA
PYF,zh_tw,法屬玻里尼西亞,法屬玻里尼西亞,NA,NA,NA,NA
QAT,zh_cn,卡塔尔,卡塔尔国,NA,NA,NA,NA
QAT,zh_hk,卡塔爾,卡塔爾國,NA,NA,NA,NA
QAT,zh_mo,卡塔爾,卡塔爾國,NA,NA,NA,NA
QAT,zh_my,卡塔尔,卡塔尔国,NA,NA,NA,NA
QAT,zh_sg,卡塔尔,卡塔尔国,NA,NA,NA,NA
QAT,zh_tw,卡達,卡達國,NA,NA,NA,NA
REU,zh_cn,留尼汪,留尼汪,NA,NA,NA,NA
REU,zh_hk,留尼旺,留尼旺,NA,NA,NA,NA
REU,zh_mo,留尼旺,留尼旺,NA,NA,NA,NA
REU,zh_my,留尼汪,留尼汪,NA,NA,NA,NA
REU,zh_sg,留尼汪,留尼汪,NA,NA,NA,NA
REU,zh_tw,留尼旺,留尼旺,NA,NA,NA,NA
ROU,zh_cn,罗马尼亚,罗马尼亚,NA,NA,NA,NA
ROU,zh_hk,羅馬尼亞,羅馬尼亞,NA,NA,NA,NA
ROU,zh_mo,羅馬尼亞,羅馬尼亞,NA,NA,NA,NA
ROU,zh_my,罗马尼亚,罗马尼亚,NA,NA,NA,NA
ROU,zh_sg,罗马尼亚,罗马尼亚,NA,NA,NA,NA
ROU,zh_tw,羅馬尼亞,羅馬尼亞,NA,NA,NA,NA
RUS,zh_cn,俄罗斯,俄罗斯联邦,NA,NA,NA,NA
RUS,zh_hk,俄羅斯,俄羅斯聯邦,NA,NA,NA,NA
RUS,zh_mo,俄羅斯,俄羅斯聯邦,NA,NA,NA,NA
RUS,zh_my,俄罗斯,俄罗斯联邦,NA,NA,NA,NA
RUS,zh_sg,俄罗斯,俄罗斯联邦,NA,NA,NA,NA
RUS,zh_tw,俄羅斯,俄羅斯聯邦,NA,NA,NA,NA
RWA,zh_cn,卢旺达,卢旺达共和国,NA,NA,NA,NA
RWA,zh_hk,盧旺達,盧旺達共和國,NA,NA,NA,NA
RWA,zh_mo,盧旺達,盧旺達共和國,NA,NA,NA,NA
RWA,zh_my,卢旺达,卢旺达共和国,NA,NA,NA,NA
RWA,zh_sg,卢旺达,卢旺达共和国,NA,NA,NA,NA
RWA,zh_tw,盧安達,盧安達共和國,NA,NA,NA,NA
SAU,zh_cn,沙特阿拉伯,沙特阿拉伯王国,沙特,沙乌地阿拉伯,沙地阿拉伯,NA
SAU,zh_hk,沙地阿拉伯,沙地阿拉伯王國,沙地,沙特阿拉伯,沙烏地阿拉伯,NA
SAU,zh_mo,沙地阿拉伯,沙地阿拉伯王國,沙地,沙特阿拉伯,沙烏地阿拉伯,NA
SAU,zh_my,沙地阿拉伯,沙地阿拉伯王国,沙地,沙乌地阿拉伯,沙特阿拉伯,NA
SAU,zh_sg,沙特阿拉伯,沙特阿拉伯王国,沙特,沙乌地阿拉伯,沙地阿拉伯,NA
SAU,zh_tw,沙烏地阿拉伯,沙烏地阿拉伯王國,沙烏地,沙特阿拉伯,沙地阿拉伯,NA
SDN,zh_cn,苏丹,苏丹共和国,北苏丹,NA,NA,NA
SDN,zh_hk,蘇丹,蘇丹共和國,北蘇丹,NA,NA,NA
SDN,zh_mo,蘇丹,蘇丹共和國,北蘇丹,NA,NA,NA
SDN,zh_my,苏丹,苏丹共和国,北苏丹,NA,NA,NA
SDN,zh_sg,苏丹,苏丹共和国,北苏丹,NA,NA,NA
SDN,zh_tw,蘇丹,蘇丹共和國,北蘇丹,NA,NA,NA
SEN,zh_cn,塞内加尔,塞内加尔共和国,NA,NA,NA,NA
SEN,zh_hk,塞內加爾,塞內加爾共和國,NA,NA,NA,NA
SEN,zh_mo,塞內加爾,塞內加爾共和國,NA,NA,NA,NA
SEN,zh_my,塞内加尔,塞内加尔共和国,NA,NA,NA,NA
SEN,zh_sg,塞内加尔,塞内加尔共和国,NA,NA,NA,NA
SEN,zh_tw,塞內加爾,塞內加爾共和國,NA,NA,NA,NA
SGP,zh_cn,新加坡,新加坡共和国,狮城,星国,星洲,星加坡
SGP,zh_hk,新加坡,新加坡共和國,獅城,星國,星洲,星加坡
SGP,zh_mo,新加坡,新加坡共和國,獅城,星國,星洲,星加坡
SGP,zh_my,新加坡,新加坡共和国,狮城,星国,星洲,星加坡
SGP,zh_sg,新加坡,新加坡共和国,狮城,星国,星洲,星加坡
SGP,zh_tw,新加坡,新加坡共和國,獅城,星國,星洲,星加坡
SGS,zh_cn,南乔治亚和南桑威奇群岛,南乔治亚和南桑威奇群岛,NA,NA,NA,NA
SGS,zh_hk,南佐治亞及南三文治群島,南佐治亞及南三文治群島,NA,NA,NA,NA
SGS,zh_mo,南佐治亞及南三文治群島,南佐治亞及南三文治群島,NA,NA,NA,NA
SGS,zh_my,南乔治亚和南桑威奇群岛,南乔治亚和南桑威奇群岛,NA,NA,NA,NA
SGS,zh_sg,南乔治亚和南桑威奇群岛,南乔治亚和南桑威奇群岛,NA,NA,NA,NA
SGS,zh_tw,南喬治亞與南桑威奇群島,南喬治亞與南桑威奇群島,NA,NA,NA,NA
SHN,zh_cn,圣赫勒拿、阿森松和特里斯坦-达库尼亚,圣赫勒拿、阿森松和特里斯坦-达库尼亚,NA,NA,NA,NA
SHN,zh_hk,聖海倫娜、阿森松和崔斯坦達庫尼亞,聖海倫娜、阿森松和崔斯坦達庫尼亞,NA,NA,NA,NA
SHN,zh_mo,聖海倫娜、阿森松和崔斯坦達庫尼亞,聖海倫娜、阿森松和崔斯坦達庫尼亞,NA,NA,NA,NA
SHN,zh_my,圣赫勒拿、阿森松和特里斯坦-达库尼亚,圣赫勒拿、阿森松和特里斯坦-达库尼亚,NA,NA,NA,NA
SHN,zh_sg,圣赫勒拿、阿森松和特里斯坦-达库尼亚,圣赫勒拿、阿森松和特里斯坦-达库尼亚,NA,NA,NA,NA
SHN,zh_tw,聖赫勒拿、亞森欣與崔斯坦達庫尼亞,聖赫勒拿、亞森欣和崔斯坦達庫尼亞,NA,NA,NA,NA
SJM,zh_cn,斯瓦尔巴和扬马延,斯瓦尔巴和扬马延,NA,NA,NA,NA
SJM,zh_hk,斯瓦巴和揚馬延,斯瓦巴和揚馬延,NA,NA,NA,NA
SJM,zh_mo,斯瓦巴和揚馬延,斯瓦巴和揚馬延,NA,NA,NA,NA
SJM,zh_my,斯瓦尔巴和扬马延,斯瓦尔巴和扬马延,NA,NA,NA,NA
SJM,zh_sg,斯瓦尔巴和扬马延,斯瓦尔巴和扬马延,NA,NA,NA,NA
SJM,zh_tw,斯瓦巴和揚馬延,斯瓦巴和揚馬延,NA,NA,NA,NA
SLB,zh_cn,所罗门群岛,所罗门群岛,NA,NA,NA,NA
SLB,zh_hk,所羅門群島,所羅門群島,NA,NA,NA,NA
SLB,zh_mo,所羅門群島,所羅門群島,NA,NA,NA,NA
SLB,zh_my,所罗门群岛,所罗门群岛,NA,NA,NA,NA
SLB,zh_sg,所罗门群岛,所罗门群岛,NA,NA,NA,NA
SLB,zh_tw,索羅門群島,索羅門群島,NA,NA,NA,NA
SLE,zh_cn,塞拉利昂,塞拉利昂共和国,NA,NA,NA,NA
SLE,zh_hk,塞拉利昂,塞拉利昂共和國,NA,NA,NA,NA
SLE,zh_mo,塞拉利昂,塞拉利昂共和國,NA,NA,NA,NA
SLE,zh_my,塞拉利昂,塞拉利昂共和国,NA,NA,NA,NA
SLE,zh_sg,塞拉利昂,塞拉利昂共和国,NA,NA,NA,NA
SLE,zh_tw,獅子山共和國,獅子山共和國,獅子山,NA,NA,NA
SLV,zh_cn,萨尔瓦多,萨尔瓦多共和国,NA,NA,NA,NA
SLV,zh_hk,薩爾瓦多,薩爾瓦多共和國,NA,NA,NA,NA
SLV,zh_mo,薩爾瓦多,薩爾瓦多共和國,NA,NA,NA,NA
SLV,zh_my,萨尔瓦多,萨尔瓦多共和国,NA,NA,NA,NA
SLV,zh_sg,萨尔瓦多,萨尔瓦多共和国,NA,NA,NA,NA
SLV,zh_tw,薩爾瓦多,薩爾瓦多共和國,NA,NA,NA,NA
SMR,zh_cn,圣马力诺,最庄严尊贵的圣马力诺共和国,圣马力诺共和国,NA,NA,NA
SMR,zh_hk,聖馬力諾,最莊嚴尊貴的聖馬力諾共和國,聖馬力諾共和國,NA,NA,NA
SMR,zh_mo,聖馬力諾,最莊嚴尊貴的聖馬力諾共和國,聖馬力諾共和國,NA,NA,NA
SMR,zh_my,圣马力诺,最庄严尊贵的圣马力诺共和国,圣马力诺共和国,NA,NA,NA
SMR,zh_sg,圣马力诺,最庄严尊贵的圣马力诺共和国,圣马力诺共和国,NA,NA,NA
SMR,zh_tw,聖馬利諾,最莊嚴尊貴的聖馬利諾共和國,聖馬利諾共和國,NA,NA,NA
SOM,zh_cn,索马里,索马里联邦共和国,NA,NA,NA,NA
SOM,zh_hk,索馬里,索馬里聯邦共和國,NA,NA,NA,NA
SOM,zh_mo,索馬里,索馬里聯邦共和國,NA,NA,NA,NA
SOM,zh_my,索马里,索马里联邦共和国,NA,NA,NA,NA
SOM,zh_sg,索马里,索马里联邦共和国,NA,NA,NA,NA
SOM,zh_tw,索馬利亞,索馬利亞聯邦共和國,NA,NA,NA,NA
SPM,zh_cn,圣皮埃尔和密克隆,圣皮埃尔和密克隆,NA,NA,NA,NA
SPM,zh_hk,聖皮埃爾和密克隆,聖皮埃爾和密克隆,NA,NA,NA,NA
SPM,zh_mo,聖皮埃爾和密克隆,聖皮埃爾和密克隆,NA,NA,NA,NA
SPM,zh_my,圣皮埃尔和密克隆,圣皮埃尔和密克隆,NA,NA,NA,NA
SPM,zh_sg,圣皮埃尔和密克隆,圣皮埃尔和密克隆,NA,NA,NA,NA
SPM,zh_tw,聖皮埃與密克隆群島,聖皮埃與密克隆,NA,NA,NA,NA
SRB,zh_cn,塞尔维亚,塞尔维亚共和国,NA,NA,NA,NA
SRB,zh_hk,塞爾維亞,塞爾維亞共和國,NA,NA,NA,NA
SRB,zh_mo,塞爾維亞,塞爾維亞共和國,NA,NA,NA,NA
SRB,zh_my,塞尔维亚,塞尔维亚共和国,NA,NA,NA,NA
SRB,zh_sg,塞尔维亚,塞尔维亚共和国,NA,NA,NA,NA
SRB,zh_tw,塞爾維亞,塞爾維亞共和國,NA,NA,NA,NA
SSD,zh_cn,南苏丹,南苏丹共和国,NA,NA,NA,NA
SSD,zh_hk,南蘇丹,南蘇丹共和國,NA,NA,NA,NA
SSD,zh_mo,南蘇丹,南蘇丹共和國,NA,NA,NA,NA
SSD,zh_my,南苏丹,南苏丹共和国,NA,NA,NA,NA
SSD,zh_sg,南苏丹,南苏丹共和国,NA,NA,NA,NA
SSD,zh_tw,南蘇丹,南蘇丹共和國,NA,NA,NA,NA
STP,zh_cn,圣多美和普林西比,圣多美和普林西比民主共和国,圣普,NA,NA,NA
STP,zh_hk,聖多美和普林西比,聖多美和普林西比民主共和國,聖普,NA,NA,NA
STP,zh_mo,聖多美和普林西比,聖多美和普林西比民主共和國,聖普,NA,NA,NA
STP,zh_my,圣多美和普林西比,圣多美和普林西比民主共和国,圣普,NA,NA,NA
STP,zh_sg,圣多美和普林西比,圣多美和普林西比民主共和国,圣普,NA,NA,NA
STP,zh_tw,聖多美普林西比,聖多美普林西比民主共和國,聖普,NA,NA,NA
SUR,zh_cn,苏里南,苏里南共和国,NA,NA,NA,NA
SUR,zh_hk,蘇里南,蘇里南共和國,NA,NA,NA,NA
SUR,zh_mo,蘇里南,蘇里南共和國,NA,NA,NA,NA
SUR,zh_my,苏里南,苏里南共和国,NA,NA,NA,NA
SUR,zh_sg,苏里南,苏里南共和国,NA,NA,NA,NA
SUR,zh_tw,蘇利南,蘇利南共和國,NA,NA,NA,NA
SVK,zh_cn,斯洛伐克,斯洛伐克共和国,NA,NA,NA,NA
SVK,zh_hk,斯洛伐克,斯洛伐克共和國,NA,NA,NA,NA
SVK,zh_mo,斯洛伐克,斯洛伐克共和國,NA,NA,NA,NA
SVK,zh_my,斯洛伐克,斯洛伐克共和国,NA,NA,NA,NA
SVK,zh_sg,斯洛伐克,斯洛伐克共和国,NA,NA,NA,NA
SVK,zh_tw,斯洛伐克,斯洛伐克共和國,NA,NA,NA,NA
SVN,zh_cn,斯洛文尼亚,斯洛文尼亚共和国,NA,NA,NA,NA
SVN,zh_hk,斯洛文尼亞,斯洛文尼亞共和國,NA,NA,NA,NA
SVN,zh_mo,斯洛文尼亞,斯洛文尼亞共和國,NA,NA,NA,NA
SVN,zh_my,斯洛文尼亚,斯洛文尼亚共和国,NA,NA,NA,NA
SVN,zh_sg,斯洛文尼亚,斯洛文尼亚共和国,NA,NA,NA,NA
SVN,zh_tw,斯洛維尼亞,斯洛維尼亞共和國,NA,NA,NA,NA
SWE,zh_cn,瑞典,瑞典王国,NA,NA,NA,NA
SWE,zh_hk,瑞典,瑞典王國,NA,NA,NA,NA
SWE,zh_mo,瑞典,瑞典王國,NA,NA,NA,NA
SWE,zh_my,瑞典,瑞典王国,NA,NA,NA,NA
SWE,zh_sg,瑞典,瑞典王国,NA,NA,NA,NA
SWE,zh_tw,瑞典,瑞典王國,NA,NA,NA,NA
SWZ,zh_cn,斯威士兰,斯威士兰王国,NA,NA,NA,NA
SWZ,zh_hk,斯威士蘭,斯威士蘭王國,NA,NA,NA,NA
SWZ,zh_mo,斯威士蘭,斯威士蘭王國,NA,NA,NA,NA
SWZ,zh_my,斯威士兰,斯威士兰王国,NA,NA,NA,NA
SWZ,zh_sg,斯威士兰,斯威士兰王国,NA,NA,NA,NA
SWZ,zh_tw,史瓦帝尼,史瓦帝尼王國,NA,NA,NA,NA
SXM,zh_cn,荷属圣马丁,圣马丁,NA,NA,NA,NA
SXM,zh_hk,荷屬聖馬丁,聖馬丁,NA,NA,NA,NA
SXM,zh_mo,荷屬聖馬丁,聖馬丁,NA,NA,NA,NA
SXM,zh_my,荷属圣马丁,圣马丁,NA,NA,NA,NA
SXM,zh_sg,荷属圣马丁,圣马丁,NA,NA,NA,NA
SXM,zh_tw,荷屬聖馬丁,聖馬丁,NA,NA,NA,NA
SYC,zh_cn,塞舌尔,塞舌尔共和国,NA,NA,NA,NA
SYC,zh_hk,塞舌爾,塞舌爾共和國,NA,NA,NA,NA
SYC,zh_mo,塞舌爾,塞舌爾共和國,NA,NA,NA,NA
SYC,zh_my,塞舌尔,塞舌尔共和国,NA,NA,NA,NA
SYC,zh_sg,塞舌尔,塞舌尔共和国,NA,NA,NA,NA
SYC,zh_tw,塞席爾,塞席爾共和國,NA,NA,NA,NA
SYR,zh_cn,叙利亚,阿拉伯叙利亚共和国,NA,NA,NA,NA
SYR,zh_hk,敘利亞,阿拉伯叙利亚共和國,NA,NA,NA,NA
SYR,zh_mo,敘利亞,阿拉伯叙利亚共和國,NA,NA,NA,NA
SYR,zh_my,叙利亚,阿拉伯叙利亚共和国,NA,NA,NA,NA
SYR,zh_sg,叙利亚,阿拉伯叙利亚共和国,NA,NA,NA,NA
SYR,zh_tw,敘利亞,阿拉伯叙利亚共和國,NA,NA,NA,NA
TCA,zh_cn,特克斯和凯科斯群岛,特克斯和凯科斯群岛,特凯,NA,NA,NA
TCA,zh_hk,特克斯和凱科斯群島,特克斯和凱科斯群島,特凱,NA,NA,NA
TCA,zh_mo,特克斯和凱科斯群島,特克斯和凱科斯群島,特凱,NA,NA,NA
TCA,zh_my,特克斯和凯科斯群岛,特克斯和凯科斯群岛,特凯,NA,NA,NA
TCA,zh_sg,特克斯和凯科斯群岛,特克斯和凯科斯群岛,特凯,NA,NA,NA
TCA,zh_tw,土克凱可群島,土克凱可群島,特凱,NA,NA,NA
TCD,zh_cn,乍得,乍得共和国,NA,NA,NA,NA
TCD,zh_hk,乍得,乍得共和國,NA,NA,NA,NA
TCD,zh_mo,乍得,乍得共和國,NA,NA,NA,NA
TCD,zh_my,乍得,乍得共和国,NA,NA,NA,NA
TCD,zh_sg,乍得,乍得共和国,NA,NA,NA,NA
TCD,zh_tw,查德,查德共和國,NA,NA,NA,NA
TGO,zh_cn,多哥,多哥共和国,NA,NA,NA,NA
TGO,zh_hk,多哥,多哥共和國,NA,NA,NA,NA
TGO,zh_mo,多哥,多哥共和國,NA,NA,NA,NA
TGO,zh_my,多哥,多哥共和国,NA,NA,NA,NA
TGO,zh_sg,多哥,多哥共和国,NA,NA,NA,NA
TGO,zh_tw,多哥,多哥共和國,NA,NA,NA,NA
THA,zh_cn,泰国,泰王国,暹罗,NA,NA,NA
THA,zh_hk,泰國,泰王國,暹羅,NA,NA,NA
THA,zh_mo,泰國,泰王國,暹羅,NA,NA,NA
THA,zh_my,泰国,泰王国,暹罗,NA,NA,NA
THA,zh_sg,泰国,泰王国,暹罗,NA,NA,NA
THA,zh_tw,泰國,泰王國,暹羅,NA,NA,NA
TJK,zh_cn,塔吉克斯坦,塔吉克斯坦共和国,NA,NA,NA,NA
TJK,zh_hk,塔吉克,塔吉克共和國,塔吉克斯坦,NA,NA,NA
TJK,zh_mo,塔吉克,塔吉克共和國,塔吉克斯坦,NA,NA,NA
TJK,zh_my,塔吉克斯坦,塔吉克斯坦共和国,NA,NA,NA,NA
TJK,zh_sg,塔吉克斯坦,塔吉克斯坦共和国,NA,NA,NA,NA
TJK,zh_tw,塔吉克,塔吉克共和國,NA,NA,NA,NA
TKL,zh_cn,托克劳,托克劳,尤宁群岛,托克劳群岛,NA,NA
TKL,zh_hk,托克勞,托克勞,尤寧群島,托克勞群島,NA,NA
TKL,zh_mo,托克勞,托克勞,尤寧群島,托克勞群島,NA,NA
TKL,zh_my,托克劳,托克劳,尤宁群岛,托克劳群岛,NA,NA
TKL,zh_sg,托克劳,托克劳,尤宁群岛,托克劳群岛,NA,NA
TKL,zh_tw,托克勞,托克勞,尤寧群島,托克勞群島,NA,NA
TKM,zh_cn,土库曼斯坦,土库曼斯坦,NA,NA,NA,NA
TKM,zh_hk,土庫曼,土庫曼,NA,NA,NA,NA
TKM,zh_mo,土庫曼,土庫曼,NA,NA,NA,NA
TKM,zh_my,土库曼斯坦,土库曼斯坦,NA,NA,NA,NA
TKM,zh_sg,土库曼斯坦,土库曼斯坦,NA,NA,NA,NA
TKM,zh_tw,土庫曼,土庫曼,NA,NA,NA,NA
TLS,zh_cn,东帝汶,东帝汶民主共和国,NA,NA,NA,NA
TLS,zh_hk,東帝汶,東帝汶民主共和國,NA,NA,NA,NA
TLS,zh_mo,東帝汶,東帝汶民主共和國,NA,NA,NA,NA
TLS,zh_my,东帝汶,东帝汶民主共和国,NA,NA,NA,NA
TLS,zh_sg,东帝汶,东帝汶民主共和国,NA,NA,NA,NA
TLS,zh_tw,東帝汶,東帝汶民主共和國,NA,NA,NA,NA
TON,zh_cn,汤加,汤加王国,NA,NA,NA,NA
TON,zh_hk,湯加,湯加王國,NA,NA,NA,NA
TON,zh_mo,湯加,湯加王國,NA,NA,NA,NA
TON,zh_my,汤加,汤加王国,NA,NA,NA,NA
TON,zh_sg,汤加,汤加王国,NA,NA,NA,NA
TON,zh_tw,東加,東加王國,NA,NA,NA,NA
TTO,zh_cn,特立尼达和多巴哥,特立尼达和多巴哥共和国,特多,NA,NA,NA
TTO,zh_hk,千里達及多巴哥,千里達及多巴哥共和國,千里達,NA,NA,NA
TTO,zh_mo,千里達及多巴哥,千里達及多巴哥共和國,千里達,NA,NA,NA
TTO,zh_my,特立尼达和多巴哥,特立尼达和多巴哥共和国,特多,NA,NA,NA
TTO,zh_sg,特立尼达和多巴哥,特立尼达和多巴哥共和国,特多,NA,NA,NA
TTO,zh_tw,千里達及托巴哥,千里達及托巴哥共和國,千里達,NA,NA,NA
TUN,zh_cn,突尼斯,突尼斯共和国,NA,NA,NA,NA
TUN,zh_hk,突尼西亞,突尼西亞共和國,NA,NA,NA,NA
TUN,zh_mo,突尼西亞,突尼西亞共和國,NA,NA,NA,NA
TUN,zh_my,突尼西亚,突尼西亚共和国,NA,NA,NA,NA
TUN,zh_sg,突尼斯,突尼斯共和国,NA,NA,NA,NA
TUN,zh_tw,突尼西亞,突尼西亞共和國,NA,NA,NA,NA
TUR,zh_cn,土耳其,土耳其共和国,NA,NA,NA,NA
TUR,zh_hk,土耳其,土耳其共和國,NA,NA,NA,NA
TUR,zh_mo,土耳其,土耳其共和國,NA,NA,NA,NA
TUR,zh_my,土耳其,土耳其共和国,NA,NA,NA,NA
TUR,zh_sg,土耳其,土耳其共和国,NA,NA,NA,NA
TUR,zh_tw,土耳其,土耳其共和國,NA,NA,NA,NA
TUV,zh_cn,图瓦卢,图瓦卢,NA,NA,NA,NA
TUV,zh_hk,圖瓦盧,圖瓦盧,NA,NA,NA,NA
TUV,zh_mo,圖瓦盧,圖瓦盧,NA,NA,NA,NA
TUV,zh_my,图瓦卢,图瓦卢,NA,NA,NA,NA
TUV,zh_sg,图瓦卢,图瓦卢,NA,NA,NA,NA
TUV,zh_tw,吐瓦魯,吐瓦魯,NA,NA,NA,NA
TWN,zh_cn,中国台湾,中国台湾,中国台湾省,NA,NA,NA
TWN,zh_hk,中國台灣,中國台灣,中國台灣省,NA,NA,NA
TWN,zh_mo,中國台灣,中國台灣,中國台灣省,NA,NA,NA
TWN,zh_my,中国台湾,中国台湾,中国台湾省,NA,NA,NA
TWN,zh_sg,中国台湾,中国台湾,中国台湾省,NA,NA,NA
TWN,zh_tw,中國台灣,中國台灣,中國台灣省,NA,NA,NA
TZA,zh_cn,坦桑尼亚,坦桑尼亚联合共和国,NA,NA,NA,NA
TZA,zh_hk,坦桑尼亞,坦桑尼亞聯合共和國,NA,NA,NA,NA
TZA,zh_mo,坦桑尼亞,坦桑尼亞聯合共和國,NA,NA,NA,NA
TZA,zh_my,坦桑尼亚,坦桑尼亚联合共和国,NA,NA,NA,NA
TZA,zh_sg,坦桑尼亚,坦桑尼亚联合共和国,NA,NA,NA,NA
TZA,zh_tw,坦尚尼亞,坦尚尼亞聯合共和國,NA,NA,NA,NA
UGA,zh_cn,乌干达,乌干达共和国,NA,NA,NA,NA
UGA,zh_hk,烏干達,烏干達共和國,NA,NA,NA,NA
UGA,zh_mo,烏干達,烏干達共和國,NA,NA,NA,NA
UGA,zh_my,乌干达,乌干达共和国,NA,NA,NA,NA
UGA,zh_sg,乌干达,乌干达共和国,NA,NA,NA,NA
UGA,zh_tw,烏干達,烏干達共和國,NA,NA,NA,NA
UKR,zh_cn,乌克兰,乌克兰,NA,NA,NA,NA
UKR,zh_hk,烏克蘭,烏克蘭,NA,NA,NA,NA
UKR,zh_mo,烏克蘭,烏克蘭,NA,NA,NA,NA
UKR,zh_my,乌克兰,乌克兰,NA,NA,NA,NA
UKR,zh_sg,乌克兰,乌克兰,NA,NA,NA,NA
UKR,zh_tw,烏克蘭,烏克蘭,NA,NA,NA,NA
UMI,zh_cn,美国本土外小岛屿,美国本土外小岛屿,NA,NA,NA,NA
UMI,zh_hk,美國本土外小島嶼,美國本土外小島嶼,NA,NA,NA,NA
UMI,zh_mo,美國本土外小島嶼,美國本土外小島嶼,NA,NA,NA,NA
UMI,zh_my,美国本土外小岛屿,美国本土外小岛屿,NA,NA,NA,NA
UMI,zh_sg,美国本土外小岛屿,美国本土外小岛屿,NA,NA,NA,NA
UMI,zh_tw,美國本土外小島嶼,美國本土外小島嶼,NA,NA,NA,NA
URY,zh_cn,乌拉圭,乌拉圭东岸共和国,NA,NA,NA,NA
URY,zh_hk,烏拉圭,烏拉圭東岸共和國,NA,NA,NA,NA
URY,zh_mo,烏拉圭,烏拉圭東岸共和國,NA,NA,NA,NA
URY,zh_my,乌拉圭,乌拉圭东岸共和国,NA,NA,NA,NA
URY,zh_sg,乌拉圭,乌拉圭东岸共和国,NA,NA,NA,NA
URY,zh_tw,烏拉圭,烏拉圭東岸共和國,NA,NA,NA,NA
USA,zh_cn,美国,美利坚合众国,NA,NA,NA,NA
USA,zh_hk,美國,美利堅合眾國,NA,NA,NA,NA
USA,zh_mo,美國,美利堅合眾國,NA,NA,NA,NA
USA,zh_my,美国,美利坚合众国,NA,NA,NA,NA
USA,zh_sg,美国,美利坚合众国,NA,NA,NA,NA
USA,zh_tw,美國,美利堅合眾國,NA,NA,NA,NA
UZB,zh_cn,乌兹别克斯坦,乌兹别克斯坦共和国,NA,NA,NA,NA
UZB,zh_hk,烏茲別克,烏茲別克共和國,NA,NA,NA,NA
UZB,zh_mo,烏茲別克斯坦,烏茲別克斯坦共和國,烏茲別克,NA,NA,NA
UZB,zh_my,乌兹别克斯坦,乌兹别克斯坦共和国,NA,NA,NA,NA
UZB,zh_sg,乌兹别克斯坦,乌兹别克斯坦共和国,NA,NA,NA,NA
UZB,zh_tw,烏茲別克,烏茲別克共和國,NA,NA,NA,NA
VAT,zh_cn,梵蒂冈,梵蒂冈城国,梵蒂冈城,梵谛冈,NA,NA
VAT,zh_hk,梵蒂岡,梵蒂岡城國,梵蒂岡城,梵諦岡,NA,NA
VAT,zh_mo,梵蒂岡,梵蒂岡城國,梵蒂岡城,梵諦岡,NA,NA
VAT,zh_my,梵蒂冈,梵蒂冈城国,梵蒂冈城,梵谛冈,NA,NA
VAT,zh_sg,梵蒂冈,梵蒂冈城国,梵蒂冈城,梵谛冈,NA,NA
VAT,zh_tw,梵蒂岡,梵蒂岡城國,梵蒂岡城,梵諦岡,NA,NA
VCT,zh_cn,圣文森特和格林纳丁斯,圣文森特和格林纳丁斯,圣文森特,圣文森及格瑞那丁,NA,NA
VCT,zh_hk,聖文森特和格林納丁斯,聖文森特和格林納丁斯,聖文森特,聖文森及格瑞那丁,NA,NA
VCT,zh_mo,聖文森特和格林納丁斯,聖文森特和格林納丁斯,聖文森特,聖文森及格瑞那丁,NA,NA
VCT,zh_my,圣文森特和格林纳丁斯,圣文森特和格林纳丁斯,圣文森特,圣文森及格瑞那丁,NA,NA
VCT,zh_sg,圣文森特和格林纳丁斯,圣文森特和格林纳丁斯,圣文森特,圣文森及格瑞那丁,NA,NA
VCT,zh_tw,聖文森及格瑞那丁,聖文森及格瑞那丁,聖文森,聖文森特和格林納丁斯,NA,NA
VEN,zh_cn,委内瑞拉,委内瑞拉玻利瓦尔共和国,NA,NA,NA,NA
VEN,zh_hk,委內瑞拉,委內瑞拉玻利瓦爾共和國,NA,NA,NA,NA
VEN,zh_mo,委內瑞拉,委內瑞拉玻利瓦爾共和國,NA,NA,NA,NA
VEN,zh_my,委内瑞拉,委内瑞拉玻利瓦尔共和国,NA,NA,NA,NA
VEN,zh_sg,委内瑞拉,委内瑞拉玻利瓦尔共和国,NA,NA,NA,NA
VEN,zh_tw,委內瑞拉,委內瑞拉玻利瓦共和國,NA,NA,NA,NA
VGB,zh_cn,英属维尔京群岛,英属维尔京群岛,维尔京群岛,NA,NA,NA
VGB,zh_hk,英屬處女群島,英屬處女群島,處女群島,NA,NA,NA
VGB,zh_mo,英屬維爾京群島,英屬維爾京群島,處女群島,NA,NA,NA
VGB,zh_my,英属维尔京群岛,英属维尔京群岛,维尔京群岛,NA,NA,NA
VGB,zh_sg,英属维尔京群岛,英属维尔京群岛,维尔京群岛,NA,NA,NA
VGB,zh_tw,英屬維京群島,英屬維京群島,維京群島,NA,NA,NA
VIR,zh_cn,美属维尔京群岛,美属维尔京群岛,NA,NA,NA,NA
VIR,zh_hk,美屬處女群島,美屬處女群島,NA,NA,NA,NA
VIR,zh_mo,美屬處女群島,美屬處女群島,NA,NA,NA,NA
VIR,zh_my,美属维尔京群岛,美属维尔京群岛,NA,NA,NA,NA
VIR,zh_sg,美属维尔京群岛,美属维尔京群岛,NA,NA,NA,NA
VIR,zh_tw,美屬維京群島,美屬維京群島,NA,NA,NA,NA
VNM,zh_cn,越南,越南社会主义共和国,NA,NA,NA,NA
VNM,zh_hk,越南,越南社會主義共和國,NA,NA,NA,NA
VNM,zh_mo,越南,越南社會主義共和國,NA,NA,NA,NA
VNM,zh_my,越南,越南社会主义共和国,NA,NA,NA,NA
VNM,zh_sg,越南,越南社会主义共和国,NA,NA,NA,NA
VNM,zh_tw,越南,越南社會主義共和國,NA,NA,NA,NA
VUT,zh_cn,瓦努阿图,瓦努阿图共和国,万那杜,NA,NA,NA
VUT,zh_hk,瓦努阿圖,瓦努阿圖共和國,NA,NA,NA,NA
VUT,zh_mo,瓦努阿圖,瓦努阿圖共和國,NA,NA,NA,NA
VUT,zh_my,瓦努阿图,瓦努阿图共和国,万那杜,NA,NA,NA
VUT,zh_sg,瓦努阿图,瓦努阿图共和国,万那杜,NA,NA,NA
VUT,zh_tw,萬那杜,萬那杜共和國,瓦努阿圖,NA,NA,NA
WLF,zh_cn,瓦利斯和富图纳,瓦利斯和富图纳,NA,NA,NA,NA
WLF,zh_hk,瓦利斯和富圖納,瓦利斯和富圖納,NA,NA,NA,NA
WLF,zh_mo,瓦利斯和富圖納,瓦利斯和富圖納,NA,NA,NA,NA
WLF,zh_my,瓦利斯和富图纳,瓦利斯和富图纳,NA,NA,NA,NA
WLF,zh_sg,瓦利斯和富图纳,瓦利斯和富图纳,NA,NA,NA,NA
WLF,zh_tw,瓦利斯和富圖那,瓦利斯和富圖那,NA,NA,NA,NA
WSM,zh_cn,萨摩亚,萨摩亚独立国,NA,NA,NA,NA
WSM,zh_hk,薩摩亞,薩摩亞獨立國,NA,NA,NA,NA
WSM,zh_mo,薩摩亞,薩摩亞獨立國,NA,NA,NA,NA
WSM,zh_my,萨摩亚,萨摩亚独立国,NA,NA,NA,NA
WSM,zh_sg,萨摩亚,萨摩亚独立国,NA,NA,NA,NA
WSM,zh_tw,薩摩亞,薩摩亞獨立國,NA,NA,NA,NA
YEM,zh_cn,也门,也门共和国,NA,NA,NA,NA
YEM,zh_hk,也門,也門共和國,NA,NA,NA,NA
YEM,zh_mo,也門,也門共和國,NA,NA,NA,NA
YEM,zh_my,也门,也门共和国,NA,NA,NA,NA
YEM,zh_sg,也门,也门共和国,NA,NA,NA,NA
YEM,zh_tw,葉門,葉門共和國,NA,NA,NA,NA
ZAF,zh_cn,南非,南非共和国,NA,NA,NA,NA
ZAF,zh_hk,南非,南非共和國,NA,NA,NA,NA
ZAF,zh_mo,南非,南非共和國,NA,NA,NA,NA
ZAF,zh_my,南非,南非共和国,NA,NA,NA,NA
ZAF,zh_sg,南非,南非共和国,NA,NA,NA,NA
ZAF,zh_tw,南非,南非共和國,NA,NA,NA,NA
ZMB,zh_cn,赞比亚,赞比亚共和国,NA,NA,NA,NA
ZMB,zh_hk,贊比亞,贊比亞共和國,NA,NA,NA,NA
ZMB,zh_mo,贊比亞,贊比亞共和國,NA,NA,NA,NA
ZMB,zh_my,赞比亚,赞比亚共和国,NA,NA,NA,NA
ZMB,zh_sg,赞比亚,赞比亚共和国,NA,NA,NA,NA
ZMB,zh_tw,尚比亞,尚比亞共和國,NA,NA,NA,NA
ZWE,zh_cn,津巴布韦,津巴布韦共和国,NA,NA,NA,NA
ZWE,zh_hk,津巴布韋,津巴布韋共和國,NA,NA,NA,NA
ZWE,zh_mo,津巴布韋,津巴布韋共和國,NA,NA,NA,NA
ZWE,zh_my,津巴布韦,津巴布韦共和国,NA,NA,NA,NA
ZWE,zh_sg,津巴布韦,津巴布韦共和国,NA,NA,NA,NA
ZWE,zh_tw,辛巴威,辛巴威共和國,NA,NA,NA,NA
